year,month,manufacturer,value
2023,9,重庆隆鑫机车有限公司,124279.0
2023,9,江门市大长江集团有限公司,66641.0
2023,9,广东大冶摩托车技术有限公司,45126.0
2023,9,宗申产业集团有限公司,44783.0
2023,9,重庆银翔摩托车集团有限公司,36027.0
2023,9,新大洲本田摩托(苏州)有限公司,30106.0
2023,9,广州豪进摩托车股份有限公司,29046.0
2023,9,力帆实业（集团）股份有限公司,29232.0
2023,9,广州大运摩托车有限公司,22384.0
2023,9,厦门厦杏摩托有限公司,13411.0
2023,9,重庆航天巴山摩托车制造有限公司,18691.0
2023,9,广州天马集团天马摩托车有限公司,11897.0
2023,9,重庆润通智能装备有限公司,24888.0
2023,9,五羊-本田摩托（广州）有限公司,16208.0
2023,9,洛阳北方企业集团有限公司,18959.0
2023,9,广州三雅摩托车有限公司,14928.0
2023,9,浙江钱江摩托股份有限公司,13609.0
2023,9,鹤山国机南联摩托车工业有限公司,15006.0
2023,9,重庆建设机电有限责任公司,8260.0
2023,9,浙江嘉爵摩托车制造有限公司,2374.0
2023,9,广东星际机车科技有限公司,8217.0
2023,9,珠海珠江车业有限公司,9487.0
2023,9,重庆鑫源摩托车股份有限公司,10948.0
2023,9,长铃集团长春摩托车工业有限公司,6226.0
2023,9,江门市长华集团有限公司,9527.0
2023,9,江苏众星摩托有限公司,6876.0
2023,9,常州光阳摩托车有限公司,2201.0
2023,9,台州市王野机车有限责任公司,8420.0
2023,9,浙江春风动力股份有限公司,4242.0
2023,9,重庆望江摩托车制造有限公司,3199.0
2023,9,重庆嘉陵工业有限公司,5067.0
2023,9,宁波市龙嘉摩托车有限公司,4077.0
2023,9,三友控股集团银友摩托车有限公司,5208.0
2023,9,江门市华龙摩托车有限公司,5392.0
2023,9,宁波市龙嘉动力科技有限公司,3006.0
2023,9,江门市迪豪摩托车有限公司,3840.0
2023,9,济南轻骑摩托车有限公司,4073.0
2023,9,济南大隆机车工业有限公司,3160.0
2023,9,浙江天本车业有限公司,4000.0
2023,9,重庆光宇摩托车制造有限公司,5107.0
2023,9,重庆银钢科技(集团)有限公司,1740.0
2023,9,增城市东阳摩托车实业有限公司,2084.0
2023,9,重庆新感觉摩托车有限公司,2937.0
2023,9,广州福羊科技有限公司,2702.0
2023,9,重庆劲扬摩托车工业有限公司,2227.0
2023,9,江苏林海动力机械集团有限公司,462.0
2023,9,浙江吉铭实业有限公司,1534.0
2023,9,浙江森铃摩托车有限公司,971.0
2023,9,金翌车业有限公司,1305.0
2023,9,西藏新珠峰摩托车有限公司,1283.0
2023,9,金城集团有限公司,438.0
2023,9,重庆万虎机电有限责任公司,1193.0
2023,9,广州番禺豪剑摩托车工业有限公司,1014.0
2023,9,杭州土星动力科技有限公司,1264.0
2023,9,福建省晋江市三力机车有限公司,0.0
2023,9,济南轻骑铃木摩托车有限公司,844.0
2023,9,浙江日雅摩托车有限公司,1026.0
2023,9,康超集团广州摩托车制造有限公司,0.0
2023,9,立峰集团有限公司,231.0
2023,9,江苏林芝山阳集团有限公司,378.0
2023,9,宁波东方凌云车辆制造有限公司,36.0
2023,9,广州五羊摩托有限公司,0.0
2023,9,慈溪金轮机车制造有限公司,0.0
2023,9,江苏雄风机车有限公司,0.0
2023,9,广东大联统摩托车有限公司,0.0
2023,9,广东嘉纳仕科技实业有限公司,0.0
2023,9,重庆恒胜集团有限公司,0.0
2023,10,重庆隆鑫机车有限公司,126855.0
2023,10,江门市大长江集团有限公司,59759.0
2023,10,广东大冶摩托车技术有限公司,50770.0
2023,10,宗申产业集团有限公司,41943.0
2023,10,重庆银翔摩托车集团有限公司,42692.0
2023,10,新大洲本田摩托(苏州)有限公司,24933.0
2023,10,广州豪进摩托车股份有限公司,19461.0
2023,10,力帆实业（集团）股份有限公司,24904.0
2023,10,广州大运摩托车有限公司,20154.0
2023,10,重庆航天巴山摩托车制造有限公司,13179.0
2023,10,厦门厦杏摩托有限公司,11221.0
2023,10,重庆润通智能装备有限公司,21176.0
2023,10,广州天马集团天马摩托车有限公司,15198.0
2023,10,洛阳北方企业集团有限公司,16076.0
2023,10,五羊-本田摩托（广州）有限公司,13818.0
2023,10,广州三雅摩托车有限公司,13776.0
2023,10,浙江钱江摩托股份有限公司,20960.0
2023,10,重庆建设机电有限责任公司,9775.0
2023,10,鹤山国机南联摩托车工业有限公司,5789.0
2023,10,珠海珠江车业有限公司,12276.0
2023,10,浙江嘉爵摩托车制造有限公司,5880.0
2023,10,广东星际机车科技有限公司,8355.0
2023,10,重庆鑫源摩托车股份有限公司,7956.0
2023,10,长铃集团长春摩托车工业有限公司,5600.0
2023,10,江门市长华集团有限公司,3811.0
2023,10,江苏众星摩托有限公司,7018.0
2023,10,台州市王野机车有限责任公司,10486.0
2023,10,常州光阳摩托车有限公司,2434.0
2023,10,浙江春风动力股份有限公司,4505.0
2023,10,重庆望江摩托车制造有限公司,7132.0
2023,10,重庆嘉陵工业有限公司,6962.0
2023,10,宁波市龙嘉摩托车有限公司,5489.0
2023,10,三友控股集团银友摩托车有限公司,5073.0
2023,10,江门市华龙摩托车有限公司,5175.0
2023,10,宁波市龙嘉动力科技有限公司,2579.0
2023,10,济南轻骑摩托车有限公司,3306.0
2023,10,江门市迪豪摩托车有限公司,2121.0
2023,10,济南大隆机车工业有限公司,3592.0
2023,10,浙江天本车业有限公司,3601.0
2023,10,重庆光宇摩托车制造有限公司,1654.0
2023,10,增城市东阳摩托车实业有限公司,2430.0
2023,10,重庆银钢科技(集团)有限公司,1147.0
2023,10,重庆新感觉摩托车有限公司,1856.0
2023,10,江苏林海动力机械集团有限公司,3575.0
2023,10,重庆劲扬摩托车工业有限公司,1751.0
2023,10,广州福羊科技有限公司,1086.0
2023,10,浙江吉铭实业有限公司,3136.0
2023,10,浙江森铃摩托车有限公司,893.0
2023,10,西藏新珠峰摩托车有限公司,1215.0
2023,10,金翌车业有限公司,1067.0
2023,10,金城集团有限公司,456.0
2023,10,重庆万虎机电有限责任公司,747.0
2023,10,广州番禺豪剑摩托车工业有限公司,1014.0
2023,10,福建省晋江市三力机车有限公司,792.0
2023,10,杭州土星动力科技有限公司,88.0
2023,10,济南轻骑铃木摩托车有限公司,480.0
2023,10,浙江日雅摩托车有限公司,220.0
2023,10,康超集团广州摩托车制造有限公司,0.0
2023,10,立峰集团有限公司,177.0
2023,10,江苏林芝山阳集团有限公司,88.0
2023,10,广州五羊摩托有限公司,290.0
2023,10,宁波东方凌云车辆制造有限公司,96.0
2023,10,慈溪金轮机车制造有限公司,0.0
2023,10,江苏雄风机车有限公司,0.0
2023,10,广东大联统摩托车有限公司,0.0
2023,10,广东嘉纳仕科技实业有限公司,0.0
2023,10,重庆恒胜集团有限公司,0.0
2023,11,重庆隆鑫机车有限公司,137929.0
2023,11,江门市大长江集团有限公司,62203.0
2023,11,广东大冶摩托车技术有限公司,49000.0
2023,11,宗申产业集团有限公司,47449.0
2023,11,重庆银翔摩托车集团有限公司,43849.0
2023,11,新大洲本田摩托(苏州)有限公司,31856.0
2023,11,广州豪进摩托车股份有限公司,29292.0
2023,11,力帆实业（集团）股份有限公司,22124.0
2023,11,广州大运摩托车有限公司,21012.0
2023,11,重庆航天巴山摩托车制造有限公司,17656.0
2023,11,重庆润通智能装备有限公司,17623.0
2023,11,广州天马集团天马摩托车有限公司,21000.0
2023,11,厦门厦杏摩托有限公司,10071.0
2023,11,五羊-本田摩托（广州）有限公司,12402.0
2023,11,洛阳北方企业集团有限公司,10699.0
2023,11,广州三雅摩托车有限公司,12891.0
2023,11,浙江钱江摩托股份有限公司,18368.0
2023,11,鹤山国机南联摩托车工业有限公司,12356.0
2023,11,重庆建设机电有限责任公司,9233.0
2023,11,广东星际机车科技有限公司,18066.0
2023,11,珠海珠江车业有限公司,11320.0
2023,11,浙江嘉爵摩托车制造有限公司,4898.0
2023,11,重庆鑫源摩托车股份有限公司,11141.0
2023,11,长铃集团长春摩托车工业有限公司,9000.0
2023,11,江苏众星摩托有限公司,7585.0
2023,11,江门市长华集团有限公司,3673.0
2023,11,台州市王野机车有限责任公司,6946.0
2023,11,常州光阳摩托车有限公司,4380.0
2023,11,浙江春风动力股份有限公司,8393.0
2023,11,重庆望江摩托车制造有限公司,6194.0
2023,11,重庆嘉陵工业有限公司,4552.0
2023,11,宁波市龙嘉摩托车有限公司,6346.0
2023,11,江门市华龙摩托车有限公司,7431.0
2023,11,三友控股集团银友摩托车有限公司,5500.0
2023,11,宁波市龙嘉动力科技有限公司,3480.0
2023,11,济南大隆机车工业有限公司,5976.0
2023,11,济南轻骑摩托车有限公司,2553.0
2023,11,江门市迪豪摩托车有限公司,3470.0
2023,11,浙江天本车业有限公司,4268.0
2023,11,重庆银钢科技(集团)有限公司,2583.0
2023,11,增城市东阳摩托车实业有限公司,2276.0
2023,11,重庆光宇摩托车制造有限公司,993.0
2023,11,江苏林海动力机械集团有限公司,2568.0
2023,11,浙江吉铭实业有限公司,3100.0
2023,11,重庆新感觉摩托车有限公司,975.0
2023,11,重庆劲扬摩托车工业有限公司,1279.0
2023,11,广州福羊科技有限公司,444.0
2023,11,浙江森铃摩托车有限公司,957.0
2023,11,西藏新珠峰摩托车有限公司,1250.0
2023,11,金翌车业有限公司,415.0
2023,11,金城集团有限公司,72.0
2023,11,重庆万虎机电有限责任公司,676.0
2023,11,广州番禺豪剑摩托车工业有限公司,804.0
2023,11,福建省晋江市三力机车有限公司,792.0
2023,11,济南轻骑铃木摩托车有限公司,1130.0
2023,11,杭州土星动力科技有限公司,197.0
2023,11,浙江日雅摩托车有限公司,0.0
2023,11,康超集团广州摩托车制造有限公司,1.0
2023,11,立峰集团有限公司,80.0
2023,11,江苏林芝山阳集团有限公司,178.0
2023,11,广州五羊摩托有限公司,82.0
2023,11,宁波东方凌云车辆制造有限公司,36.0
2023,11,慈溪金轮机车制造有限公司,0.0
2023,11,江苏雄风机车有限公司,0.0
2023,11,广东大联统摩托车有限公司,0.0
2023,11,广东嘉纳仕科技实业有限公司,0.0
2023,11,重庆恒胜集团有限公司,0.0
2023,12,重庆隆鑫机车有限公司,132087.0
2023,12,江门市大长江集团有限公司,69243.0
2023,12,广东大冶摩托车技术有限公司,41185.0
2023,12,宗申产业集团有限公司,49124.0
2023,12,重庆银翔摩托车集团有限公司,37654.0
2023,12,广州豪进摩托车股份有限公司,49085.0
2023,12,新大洲本田摩托(苏州)有限公司,21325.0
2023,12,力帆实业（集团）股份有限公司,14722.0
2023,12,广州大运摩托车有限公司,21026.0
2023,12,重庆航天巴山摩托车制造有限公司,19369.0
2023,12,广州天马集团天马摩托车有限公司,22007.0
2023,12,重庆润通智能装备有限公司,17734.0
2023,12,厦门厦杏摩托有限公司,13743.0
2023,12,五羊-本田摩托（广州）有限公司,10494.0
2023,12,洛阳北方企业集团有限公司,9932.0
2023,12,广州三雅摩托车有限公司,16503.0
2023,12,浙江钱江摩托股份有限公司,15872.0
2023,12,广东星际机车科技有限公司,14762.0
2023,12,鹤山国机南联摩托车工业有限公司,10458.0
2023,12,重庆建设机电有限责任公司,8669.0
2023,12,重庆鑫源摩托车股份有限公司,16390.0
2023,12,珠海珠江车业有限公司,7126.0
2023,12,浙江嘉爵摩托车制造有限公司,4253.0
2023,12,长铃集团长春摩托车工业有限公司,8135.0
2023,12,江苏众星摩托有限公司,8477.0
2023,12,台州市王野机车有限责任公司,5877.0
2023,12,江门市长华集团有限公司,4244.0
2023,12,浙江春风动力股份有限公司,8399.0
2023,12,常州光阳摩托车有限公司,3370.0
2023,12,重庆望江摩托车制造有限公司,6100.0
2023,12,宁波市龙嘉摩托车有限公司,6900.0
2023,12,江门市华龙摩托车有限公司,7070.0
2023,12,重庆嘉陵工业有限公司,2704.0
2023,12,三友控股集团银友摩托车有限公司,2245.0
2023,12,宁波市龙嘉动力科技有限公司,3426.0
2023,12,济南大隆机车工业有限公司,2919.0
2023,12,浙江天本车业有限公司,3837.0
2023,12,济南轻骑摩托车有限公司,3527.0
2023,12,江门市迪豪摩托车有限公司,2498.0
2023,12,重庆银钢科技(集团)有限公司,5033.0
2023,12,重庆光宇摩托车制造有限公司,3696.0
2023,12,增城市东阳摩托车实业有限公司,2200.0
2023,12,重庆新感觉摩托车有限公司,7033.0
2023,12,江苏林海动力机械集团有限公司,1995.0
2023,12,浙江吉铭实业有限公司,2080.0
2023,12,重庆劲扬摩托车工业有限公司,2570.0
2023,12,广州福羊科技有限公司,2119.0
2023,12,西藏新珠峰摩托车有限公司,1350.0
2023,12,浙江森铃摩托车有限公司,957.0
2023,12,金翌车业有限公司,146.0
2023,12,金城集团有限公司,589.0
2023,12,广州番禺豪剑摩托车工业有限公司,1014.0
2023,12,重庆万虎机电有限责任公司,515.0
2023,12,福建省晋江市三力机车有限公司,1204.0
2023,12,杭州土星动力科技有限公司,1708.0
2023,12,济南轻骑铃木摩托车有限公司,744.0
2023,12,浙江日雅摩托车有限公司,408.0
2023,12,康超集团广州摩托车制造有限公司,0.0
2023,12,立峰集团有限公司,49.0
2023,12,江苏林芝山阳集团有限公司,96.0
2023,12,广州五羊摩托有限公司,0.0
2023,12,宁波东方凌云车辆制造有限公司,0.0
2023,12,慈溪金轮机车制造有限公司,24.0
2023,12,江苏雄风机车有限公司,0.0
2023,12,广东大联统摩托车有限公司,0.0
2023,12,广东嘉纳仕科技实业有限公司,0.0
2023,12,重庆恒胜集团有限公司,0.0
2024,1,重庆隆鑫机车有限公司,114734.0
2024,1,江门市大长江集团有限公司,74104.0
2024,1,广东大冶摩托车技术有限公司,71352.0
2024,1,重庆银翔摩托车集团有限公司,55518.0
2024,1,宗申产业集团有限公司,52980.0
2024,1,广州豪进摩托车股份有限公司,45899.0
2024,1,新大洲本田摩托(苏州)有限公司,34207.0
2024,1,广州天马集团天马摩托车有限公司,28593.0
2024,1,浙江钱江摩托股份有限公司,24883.0
2024,1,洛阳北方企业集团有限公司,21794.0
2024,1,力帆实业（集团）股份有限公司,20805.0
2024,1,厦门厦杏摩托有限公司,20373.0
2024,1,珠海珠江车业有限公司,19861.0
2024,1,广州大运摩托车有限公司,19237.0
2024,1,广州三雅摩托车有限公司,17718.0
2024,1,重庆润通智能装备有限公司,16421.0
2024,1,重庆航天巴山摩托车制造有限公司,16309.0
2024,1,广东星际机车科技有限公司,14255.0
2024,1,台州市王野机车有限责任公司,12942.0
2024,1,五羊-本田摩托（广州）有限公司,12749.0
2024,1,江门市长华集团有限公司,11841.0
2024,1,浙江春风动力股份有限公司,11176.0
2024,1,长铃集团长春摩托车工业有限公司,11087.0
2024,1,浙江嘉爵摩托车制造有限公司,10980.0
2024,1,重庆鑫源摩托车股份有限公司,10430.0
2024,1,江苏众星摩托有限公司,8551.0
2024,1,重庆建设机电有限责任公司,8219.0
2024,1,江门市迪豪摩托车有限公司,7686.0
2024,1,鹤山国机南联摩托车工业有限公司,7547.0
2024,1,常州光阳摩托车有限公司,7125.0
2024,1,宁波市龙嘉摩托车有限公司,6878.0
2024,1,三友控股集团银友摩托车有限公司,6780.0
2024,1,江门市华龙摩托车有限公司,6769.0
2024,1,重庆望江摩托车制造有限公司,5775.0
2024,1,浙江森铃摩托车有限公司,5591.0
2024,1,济南轻骑摩托车有限公司,5023.0
2024,1,福建省晋江市三力机车有限公司,4466.0
2024,1,浙江吉铭实业有限公司,4162.0
2024,1,浙江天本车业有限公司,3430.0
2024,1,宁波市龙嘉动力科技有限公司,3385.0
2024,1,济南大隆机车工业有限公司,3354.0
2024,1,广州福羊科技有限公司,3250.0
2024,1,金翌车业有限公司,3000.0
2024,1,江苏林海动力机械集团有限公司,3000.0
2024,1,重庆银钢科技(集团)有限公司,2836.0
2024,1,重庆光宇摩托车制造有限公司,2835.0
2024,1,重庆劲扬摩托车工业有限公司,1981.0
2024,1,重庆新感觉摩托车有限公司,1809.0
2024,1,杭州土星动力科技有限公司,1430.0
2024,1,重庆嘉陵工业有限公司,1150.0
2024,1,西藏新珠峰摩托车有限公司,1010.0
2024,1,广州番禺豪剑摩托车工业有限公司,822.0
2024,1,浙江华洋赛车股份有限公司,546.0
2024,1,济南轻骑铃木摩托车有限公司,480.0
2024,1,江苏林芝山阳集团有限公司,468.0
2024,1,立峰集团有限公司,463.0
2024,1,重庆万虎机电有限责任公司,442.0
2024,1,浙江日雅摩托车有限公司,373.0
2024,1,慈溪金轮机车制造有限公司,100.0
2024,1,金城集团有限公司,67.0
2024,1,宁波东方凌云车辆制造有限公司,48.0
2024,1,广东大联统摩托车有限公司,0.0
2024,1,增城市东阳摩托车实业有限公司,0.0
2024,1,广州五羊摩托有限公司,0.0
2024,1,康超集团广州摩托车制造有限公司,0.0
2024,2,重庆隆鑫机车有限公司,60868.0
2024,2,江门市大长江集团有限公司,38057.0
2024,2,重庆银翔摩托车集团有限公司,48446.0
2024,2,广东大冶摩托车技术有限公司,24827.0
2024,2,宗申产业集团有限公司,30731.0
2024,2,广州豪进摩托车股份有限公司,27987.0
2024,2,新大洲本田摩托(苏州)有限公司,23028.0
2024,2,广州天马集团天马摩托车有限公司,11311.0
2024,2,广州三雅摩托车有限公司,18360.0
2024,2,力帆实业（集团）股份有限公司,14770.0
2024,2,浙江钱江摩托股份有限公司,10033.0
2024,2,洛阳北方企业集团有限公司,12791.0
2024,2,广州大运摩托车有限公司,15092.0
2024,2,重庆润通智能装备有限公司,17219.0
2024,2,厦门厦杏摩托有限公司,12249.0
2024,2,广东星际机车科技有限公司,16150.0
2024,2,五羊-本田摩托（广州）有限公司,13880.0
2024,2,重庆航天巴山摩托车制造有限公司,8846.0
2024,2,珠海珠江车业有限公司,4775.0
2024,2,鹤山国机南联摩托车工业有限公司,11581.0
2024,2,重庆鑫源摩托车股份有限公司,8000.0
2024,2,浙江春风动力股份有限公司,4457.0
2024,2,浙江嘉爵摩托车制造有限公司,4155.0
2024,2,重庆建设机电有限责任公司,6801.0
2024,2,江苏众星摩托有限公司,5582.0
2024,2,江门市长华集团有限公司,1685.0
2024,2,台州市王野机车有限责任公司,183.0
2024,2,三友控股集团银友摩托车有限公司,6204.0
2024,2,江门市华龙摩托车有限公司,5875.0
2024,2,常州光阳摩托车有限公司,5182.0
2024,2,长铃集团长春摩托车工业有限公司,1000.0
2024,2,江门市迪豪摩托车有限公司,3067.0
2024,2,宁波市龙嘉摩托车有限公司,2972.0
2024,2,济南轻骑摩托车有限公司,3730.0
2024,2,重庆望江摩托车制造有限公司,2386.0
2024,2,重庆银钢科技(集团)有限公司,5170.0
2024,2,宁波市龙嘉动力科技有限公司,4025.0
2024,2,浙江森铃摩托车有限公司,864.0
2024,2,济南大隆机车工业有限公司,3001.0
2024,2,重庆光宇摩托车制造有限公司,3400.0
2024,2,浙江吉铭实业有限公司,1916.0
2024,2,福建省晋江市三力机车有限公司,609.0
2024,2,江苏林海动力机械集团有限公司,1588.0
2024,2,广州福羊科技有限公司,962.0
2024,2,浙江天本车业有限公司,491.0
2024,2,重庆劲扬摩托车工业有限公司,1797.0
2024,2,重庆嘉陵工业有限公司,2461.0
2024,2,重庆新感觉摩托车有限公司,1729.0
2024,2,金翌车业有限公司,166.0
2024,2,浙江华洋赛车股份有限公司,1386.0
2024,2,西藏新珠峰摩托车有限公司,640.0
2024,2,重庆万虎机电有限责任公司,1131.0
2024,2,杭州土星动力科技有限公司,140.0
2024,2,广州番禺豪剑摩托车工业有限公司,192.0
2024,2,增城市东阳摩托车实业有限公司,196.0
2024,2,济南轻骑铃木摩托车有限公司,410.0
2024,2,浙江日雅摩托车有限公司,282.0
2024,2,立峰集团有限公司,51.0
2024,2,江苏林芝山阳集团有限公司,0.0
2024,2,金城集团有限公司,298.0
2024,2,慈溪金轮机车制造有限公司,0.0
2024,2,宁波东方凌云车辆制造有限公司,0.0
2024,2,广东大联统摩托车有限公司,0.0
2024,2,广州五羊摩托有限公司,0.0
2024,2,康超集团广州摩托车制造有限公司,0.0
2024,3,重庆隆鑫机车有限公司,121018.0
2024,3,江门市大长江集团有限公司,66237.0
2024,3,重庆银翔摩托车集团有限公司,67218.0
2024,3,广东大冶摩托车技术有限公司,52249.0
2024,3,广州豪进摩托车股份有限公司,51637.0
2024,3,宗申产业集团有限公司,40781.0
2024,3,江门市珠峰摩托车有限公司,36363.0
2024,3,新大洲本田摩托(苏州)有限公司,36139.0
2024,3,浙江钱江摩托股份有限公司,27214.0
2024,3,广州天马集团天马摩托车有限公司,19719.0
2024,3,力帆实业（集团）股份有限公司,23228.0
2024,3,广州大运摩托车有限公司,24202.0
2024,3,广州三雅摩托车有限公司,21966.0
2024,3,重庆润通智能装备有限公司,23777.0
2024,3,厦门厦杏摩托有限公司,17602.0
2024,3,洛阳北方企业集团有限公司,15322.0
2024,3,广东星际机车科技有限公司,11571.0
2024,3,珠海珠江车业有限公司,14175.0
2024,3,重庆航天巴山摩托车制造有限公司,12225.0
2024,3,五羊-本田摩托（广州）有限公司,10046.0
2024,3,重庆鑫源摩托车股份有限公司,11970.0
2024,3,浙江春风动力股份有限公司,13016.0
2024,3,鹤山国机南联摩托车工业有限公司,6674.0
2024,3,重庆建设机电有限责任公司,9580.0
2024,3,江门市长华集团有限公司,10189.0
2024,3,江苏众星摩托有限公司,7961.0
2024,3,长铃集团长春摩托车工业有限公司,9196.0
2024,3,台州市王野机车有限责任公司,8125.0
2024,3,浙江嘉爵摩托车制造有限公司,5607.0
2024,3,常州光阳摩托车有限公司,7159.0
2024,3,江门市华龙摩托车有限公司,6270.0
2024,3,三友控股集团银友摩托车有限公司,4351.0
2024,3,江门市迪豪摩托车有限公司,3603.0
2024,3,重庆望江摩托车制造有限公司,5609.0
2024,3,济南轻骑摩托车有限公司,4253.0
2024,3,宁波市龙嘉摩托车有限公司,2162.0
2024,3,宁波市龙嘉动力科技有限公司,3642.0
2024,3,浙江森铃摩托车有限公司,3419.0
2024,3,重庆银钢科技(集团)有限公司,1551.0
2024,3,济南大隆机车工业有限公司,3121.0
2024,3,重庆光宇摩托车制造有限公司,1246.0
2024,3,浙江天本车业有限公司,2944.0
2024,3,浙江吉铭实业有限公司,717.0
2024,3,重庆新感觉摩托车有限公司,2935.0
2024,3,福建省晋江市三力机车有限公司,1015.0
2024,3,江苏林海动力机械集团有限公司,1500.0
2024,3,广州福羊科技有限公司,1289.0
2024,3,金翌车业有限公司,1883.0
2024,3,重庆嘉陵工业有限公司,1066.0
2024,3,重庆劲扬摩托车工业有限公司,0.0
2024,3,浙江华洋赛车股份有限公司,1693.0
2024,3,西藏新珠峰摩托车有限公司,770.0
2024,3,杭州土星动力科技有限公司,595.0
2024,3,重庆万虎机电有限责任公司,436.0
2024,3,增城市东阳摩托车实业有限公司,870.0
2024,3,广州番禺豪剑摩托车工业有限公司,822.0
2024,3,济南轻骑铃木摩托车有限公司,460.0
2024,3,江苏林芝山阳集团有限公司,288.0
2024,3,金城集团有限公司,366.0
2024,3,浙江日雅摩托车有限公司,0.0
2024,3,立峰集团有限公司,0.0
2024,3,慈溪金轮机车制造有限公司,0.0
2024,3,宁波东方凌云车辆制造有限公司,0.0
2024,3,广东大联统摩托车有限公司,0.0
2024,3,广州五羊摩托有限公司,0.0
2024,3,康超集团广州摩托车制造有限公司,0.0
2024,4,重庆隆鑫机车有限公司,125297.0
2024,4,江门市大长江集团有限公司,73038.0
2024,4,重庆银翔摩托车集团有限公司,59192.0
2024,4,广东大冶摩托车技术有限公司,63974.0
2024,4,广州豪进摩托车股份有限公司,67538.0
2024,4,宗申产业集团有限公司,48995.0
2024,4,江门市珠峰摩托车有限公司,41972.0
2024,4,新大洲本田摩托(苏州)有限公司,30618.0
2024,4,力帆实业（集团）股份有限公司,26041.0
2024,4,广州大运摩托车有限公司,24203.0
2024,4,广州天马集团天马摩托车有限公司,22911.0
2024,4,浙江钱江摩托股份有限公司,16540.0
2024,4,广州三雅摩托车有限公司,20125.0
2024,4,重庆润通智能装备有限公司,20116.0
2024,4,洛阳北方企业集团有限公司,21206.0
2024,4,厦门厦杏摩托有限公司,17510.0
2024,4,重庆航天巴山摩托车制造有限公司,18980.0
2024,4,广东星际机车科技有限公司,14177.0
2024,4,珠海珠江车业有限公司,17055.0
2024,4,重庆鑫源摩托车股份有限公司,19600.0
2024,4,五羊-本田摩托（广州）有限公司,10517.0
2024,4,鹤山国机南联摩托车工业有限公司,19935.0
2024,4,浙江春风动力股份有限公司,11820.0
2024,4,重庆建设机电有限责任公司,8669.0
2024,4,江门市长华集团有限公司,8895.0
2024,4,江苏众星摩托有限公司,7521.0
2024,4,浙江嘉爵摩托车制造有限公司,8351.0
2024,4,长铃集团长春摩托车工业有限公司,7441.0
2024,4,台州市王野机车有限责任公司,6183.0
2024,4,常州光阳摩托车有限公司,7086.0
2024,4,江门市华龙摩托车有限公司,6265.0
2024,4,三友控股集团银友摩托车有限公司,6480.0
2024,4,江门市迪豪摩托车有限公司,4209.0
2024,4,重庆望江摩托车制造有限公司,4757.0
2024,4,济南轻骑摩托车有限公司,4863.0
2024,4,宁波市龙嘉动力科技有限公司,4646.0
2024,4,重庆银钢科技(集团)有限公司,5649.0
2024,4,济南大隆机车工业有限公司,3271.0
2024,4,宁波市龙嘉摩托车有限公司,225.0
2024,4,浙江森铃摩托车有限公司,1829.0
2024,4,重庆光宇摩托车制造有限公司,2938.0
2024,4,江苏林海动力机械集团有限公司,3679.0
2024,4,浙江天本车业有限公司,2803.0
2024,4,广州福羊科技有限公司,3616.0
2024,4,浙江华洋赛车股份有限公司,5250.0
2024,4,浙江吉铭实业有限公司,1895.0
2024,4,重庆新感觉摩托车有限公司,2181.0
2024,4,重庆嘉陵工业有限公司,1991.0
2024,4,福建省晋江市三力机车有限公司,243.0
2024,4,重庆劲扬摩托车工业有限公司,2801.0
2024,4,金翌车业有限公司,1264.0
2024,4,西藏新珠峰摩托车有限公司,955.0
2024,4,杭州土星动力科技有限公司,1204.0
2024,4,广州番禺豪剑摩托车工业有限公司,1014.0
2024,4,重庆万虎机电有限责任公司,715.0
2024,4,增城市东阳摩托车实业有限公司,165.0
2024,4,济南轻骑铃木摩托车有限公司,504.0
2024,4,金城集团有限公司,860.0
2024,4,江苏林芝山阳集团有限公司,462.0
2024,4,浙江日雅摩托车有限公司,181.0
2024,4,立峰集团有限公司,303.0
2024,4,慈溪金轮机车制造有限公司,0.0
2024,4,宁波东方凌云车辆制造有限公司,0.0
2024,4,广东大联统摩托车有限公司,0.0
2024,4,广州五羊摩托有限公司,0.0
2024,4,康超集团广州摩托车制造有限公司,0.0
2024,5,重庆隆鑫机车有限公司,134842.0
2024,5,江门市大长江集团有限公司,72498.0
2024,5,重庆银翔摩托车集团有限公司,52148.0
2024,5,广东大冶摩托车技术有限公司,69809.0
2024,5,广州豪进摩托车股份有限公司,48723.0
2024,5,宗申产业集团有限公司,53952.0
2024,5,江门市珠峰摩托车有限公司,44619.0
2024,5,新大洲本田摩托(苏州)有限公司,28910.0
2024,5,力帆实业（集团）股份有限公司,21911.0
2024,5,广州大运摩托车有限公司,23076.0
2024,5,广州天马集团天马摩托车有限公司,19440.0
2024,5,浙江钱江摩托股份有限公司,22994.0
2024,5,重庆润通智能装备有限公司,23210.0
2024,5,广州三雅摩托车有限公司,19429.0
2024,5,洛阳北方企业集团有限公司,23902.0
2024,5,厦门厦杏摩托有限公司,27166.0
2024,5,重庆航天巴山摩托车制造有限公司,20826.0
2024,5,广东星际机车科技有限公司,17019.0
2024,5,珠海珠江车业有限公司,13145.0
2024,5,重庆鑫源摩托车股份有限公司,16630.0
2024,5,五羊-本田摩托（广州）有限公司,13674.0
2024,5,鹤山国机南联摩托车工业有限公司,13847.0
2024,5,浙江春风动力股份有限公司,11543.0
2024,5,台州市王野机车有限责任公司,18093.0
2024,5,江门市长华集团有限公司,10132.0
2024,5,重庆建设机电有限责任公司,6050.0
2024,5,江苏众星摩托有限公司,7230.0
2024,5,常州光阳摩托车有限公司,9936.0
2024,5,江门市华龙摩托车有限公司,10605.0
2024,5,长铃集团长春摩托车工业有限公司,5937.0
2024,5,浙江嘉爵摩托车制造有限公司,5397.0
2024,5,重庆望江摩托车制造有限公司,9426.0
2024,5,三友控股集团银友摩托车有限公司,3873.0
2024,5,济南轻骑摩托车有限公司,4807.0
2024,5,浙江华洋赛车股份有限公司,12829.0
2024,5,江门市迪豪摩托车有限公司,2630.0
2024,5,宁波市龙嘉动力科技有限公司,3575.0
2024,5,重庆银钢科技(集团)有限公司,2045.0
2024,5,宁波市龙嘉摩托车有限公司,2763.0
2024,5,济南大隆机车工业有限公司,1784.0
2024,5,浙江森铃摩托车有限公司,2634.0
2024,5,重庆新感觉摩托车有限公司,4713.0
2024,5,重庆光宇摩托车制造有限公司,2697.0
2024,5,浙江天本车业有限公司,3430.0
2024,5,江苏林海动力机械集团有限公司,2047.0
2024,5,重庆嘉陵工业有限公司,4473.0
2024,5,浙江吉铭实业有限公司,1116.0
2024,5,广州福羊科技有限公司,273.0
2024,5,重庆劲扬摩托车工业有限公司,2991.0
2024,5,金翌车业有限公司,412.0
2024,5,福建省晋江市三力机车有限公司,233.0
2024,5,西藏新珠峰摩托车有限公司,970.0
2024,5,增城市东阳摩托车实业有限公司,2300.0
2024,5,杭州土星动力科技有限公司,849.0
2024,5,重庆万虎机电有限责任公司,1026.0
2024,5,广州番禺豪剑摩托车工业有限公司,804.0
2024,5,金城集团有限公司,510.0
2024,5,济南轻骑铃木摩托车有限公司,120.0
2024,5,江苏林芝山阳集团有限公司,336.0
2024,5,立峰集团有限公司,167.0
2024,5,浙江日雅摩托车有限公司,66.0
2024,5,康超集团广州摩托车制造有限公司,602.0
2024,5,慈溪金轮机车制造有限公司,0.0
2024,5,宁波东方凌云车辆制造有限公司,0.0
2024,5,广东大联统摩托车有限公司,0.0
2024,5,广州五羊摩托有限公司,0.0
2024,6,重庆隆鑫机车有限公司,146035.0
2024,6,江门市大长江集团有限公司,68586.0
2024,6,广东大冶摩托车技术有限公司,65797.0
2024,6,重庆银翔摩托车集团有限公司,50187.0
2024,6,广州豪进摩托车股份有限公司,48101.0
2024,6,宗申产业集团有限公司,51088.0
2024,6,江门市珠峰摩托车有限公司,58314.0
2024,6,新大洲本田摩托(苏州)有限公司,34439.0
2024,6,广州大运摩托车有限公司,24104.0
2024,6,力帆实业（集团）股份有限公司,22108.0
2024,6,重庆润通智能装备有限公司,25017.0
2024,6,广州天马集团天马摩托车有限公司,22303.0
2024,6,浙江钱江摩托股份有限公司,22154.0
2024,6,洛阳北方企业集团有限公司,25665.0
2024,6,广州三雅摩托车有限公司,20849.0
2024,6,厦门厦杏摩托有限公司,18025.0
2024,6,重庆航天巴山摩托车制造有限公司,22766.0
2024,6,广东星际机车科技有限公司,17844.0
2024,6,珠海珠江车业有限公司,13822.0
2024,6,重庆鑫源摩托车股份有限公司,15490.0
2024,6,五羊-本田摩托（广州）有限公司,14153.0
2024,6,鹤山国机南联摩托车工业有限公司,15184.0
2024,6,浙江春风动力股份有限公司,16056.0
2024,6,台州市王野机车有限责任公司,16100.0
2024,6,江门市长华集团有限公司,9935.0
2024,6,重庆建设机电有限责任公司,10307.0
2024,6,浙江嘉爵摩托车制造有限公司,11852.0
2024,6,常州光阳摩托车有限公司,9312.0
2024,6,江苏众星摩托有限公司,6877.0
2024,6,江门市华龙摩托车有限公司,7314.0
2024,6,长铃集团长春摩托车工业有限公司,7670.0
2024,6,重庆望江摩托车制造有限公司,13011.0
2024,6,浙江华洋赛车股份有限公司,13700.0
2024,6,三友控股集团银友摩托车有限公司,3892.0
2024,6,江门市迪豪摩托车有限公司,5677.0
2024,6,济南轻骑摩托车有限公司,3186.0
2024,6,宁波市龙嘉动力科技有限公司,5693.0
2024,6,重庆银钢科技(集团)有限公司,3782.0
2024,6,浙江森铃摩托车有限公司,3809.0
2024,6,济南大隆机车工业有限公司,3349.0
2024,6,重庆新感觉摩托车有限公司,3908.0
2024,6,浙江天本车业有限公司,3954.0
2024,6,宁波市龙嘉摩托车有限公司,2044.0
2024,6,重庆嘉陵工业有限公司,5715.0
2024,6,重庆光宇摩托车制造有限公司,2753.0
2024,6,江苏林海动力机械集团有限公司,3088.0
2024,6,重庆劲扬摩托车工业有限公司,2965.0
2024,6,浙江吉铭实业有限公司,1720.0
2024,6,广州福羊科技有限公司,2103.0
2024,6,金翌车业有限公司,562.0
2024,6,增城市东阳摩托车实业有限公司,2745.0
2024,6,福建省晋江市三力机车有限公司,0.0
2024,6,杭州土星动力科技有限公司,1411.0
2024,6,西藏新珠峰摩托车有限公司,995.0
2024,6,广州番禺豪剑摩托车工业有限公司,1014.0
2024,6,重庆万虎机电有限责任公司,515.0
2024,6,金城集团有限公司,469.0
2024,6,济南轻骑铃木摩托车有限公司,460.0
2024,6,江苏林芝山阳集团有限公司,0.0
2024,6,立峰集团有限公司,341.0
2024,6,浙江日雅摩托车有限公司,85.0
2024,6,康超集团广州摩托车制造有限公司,184.0
2024,6,宁波东方凌云车辆制造有限公司,55.0
2024,6,慈溪金轮机车制造有限公司,0.0
2024,6,广东大联统摩托车有限公司,0.0
2024,6,广州五羊摩托有限公司,0.0
2024,7,重庆隆鑫机车有限公司,162459.0
2024,7,江门市大长江集团有限公司,83013.0
2024,7,广东大冶摩托车技术有限公司,58041.0
2024,7,重庆银翔摩托车集团有限公司,53537.0
2024,7,广州豪进摩托车股份有限公司,68940.0
2024,7,宗申产业集团有限公司,52539.0
2024,7,江门市珠峰摩托车有限公司,53379.0
2024,7,新大洲本田摩托(苏州)有限公司,35332.0
2024,7,力帆实业（集团）股份有限公司,35202.0
2024,7,重庆润通智能装备有限公司,36057.0
2024,7,广州大运摩托车有限公司,24197.0
2024,7,洛阳北方企业集团有限公司,23865.0
2024,7,广州天马集团天马摩托车有限公司,18907.0
2024,7,浙江钱江摩托股份有限公司,17390.0
2024,7,广州三雅摩托车有限公司,19805.0
2024,7,厦门厦杏摩托有限公司,17682.0
2024,7,重庆航天巴山摩托车制造有限公司,19620.0
2024,7,广东星际机车科技有限公司,15205.0
2024,7,珠海珠江车业有限公司,16518.0
2024,7,重庆鑫源摩托车股份有限公司,15950.0
2024,7,五羊-本田摩托（广州）有限公司,17534.0
2024,7,鹤山国机南联摩托车工业有限公司,10282.0
2024,7,浙江春风动力股份有限公司,6499.0
2024,7,台州市王野机车有限责任公司,12135.0
2024,7,重庆建设机电有限责任公司,13595.0
2024,7,江门市长华集团有限公司,10429.0
2024,7,常州光阳摩托车有限公司,9657.0
2024,7,长铃集团长春摩托车工业有限公司,10332.0
2024,7,江苏众星摩托有限公司,6630.0
2024,7,江门市华龙摩托车有限公司,6750.0
2024,7,浙江嘉爵摩托车制造有限公司,2437.0
2024,7,重庆望江摩托车制造有限公司,7333.0
2024,7,浙江华洋赛车股份有限公司,8111.0
2024,7,三友控股集团银友摩托车有限公司,3255.0
2024,7,江门市迪豪摩托车有限公司,7770.0
2024,7,宁波市龙嘉动力科技有限公司,4860.0
2024,7,济南轻骑摩托车有限公司,2519.0
2024,7,重庆银钢科技(集团)有限公司,3915.0
2024,7,浙江森铃摩托车有限公司,5234.0
2024,7,宁波市龙嘉摩托车有限公司,4640.0
2024,7,济南大隆机车工业有限公司,3507.0
2024,7,重庆嘉陵工业有限公司,4187.0
2024,7,重庆新感觉摩托车有限公司,1845.0
2024,7,重庆光宇摩托车制造有限公司,2273.0
2024,7,浙江天本车业有限公司,0.0
2024,7,江苏林海动力机械集团有限公司,1502.0
2024,7,重庆劲扬摩托车工业有限公司,2846.0
2024,7,广州福羊科技有限公司,2692.0
2024,7,浙江吉铭实业有限公司,1934.0
2024,7,增城市东阳摩托车实业有限公司,1484.0
2024,7,金翌车业有限公司,652.0
2024,7,福建省晋江市三力机车有限公司,1015.0
2024,7,杭州土星动力科技有限公司,1180.0
2024,7,西藏新珠峰摩托车有限公司,1445.0
2024,7,广州番禺豪剑摩托车工业有限公司,1014.0
2024,7,重庆万虎机电有限责任公司,405.0
2024,7,金城集团有限公司,457.0
2024,7,济南轻骑铃木摩托车有限公司,460.0
2024,7,江苏林芝山阳集团有限公司,0.0
2024,7,浙江日雅摩托车有限公司,434.0
2024,7,立峰集团有限公司,55.0
2024,7,康超集团广州摩托车制造有限公司,184.0
2024,7,宁波东方凌云车辆制造有限公司,0.0
2024,7,慈溪金轮机车制造有限公司,0.0
2024,7,广东大联统摩托车有限公司,0.0
2024,7,广州五羊摩托有限公司,0.0
2024,8,重庆隆鑫机车有限公司,138319.0
2024,8,江门市大长江集团有限公司,87834.0
2024,8,广东大冶摩托车技术有限公司,56223.0
2024,8,重庆银翔摩托车集团有限公司,33651.0
2024,8,广州豪进摩托车股份有限公司,60234.0
2024,8,宗申产业集团有限公司,41668.0
2024,8,江门市珠峰摩托车有限公司,35301.0
2024,8,新大洲本田摩托(苏州)有限公司,37765.0
2024,8,力帆实业（集团）股份有限公司,35936.0
2024,8,重庆润通智能装备有限公司,27998.0
2024,8,广州大运摩托车有限公司,24274.0
2024,8,广州天马集团天马摩托车有限公司,23973.0
2024,8,洛阳北方企业集团有限公司,15837.0
2024,8,广州三雅摩托车有限公司,20324.0
2024,8,浙江钱江摩托股份有限公司,12561.0
2024,8,厦门厦杏摩托有限公司,22195.0
2024,8,重庆航天巴山摩托车制造有限公司,24645.0
2024,8,广东星际机车科技有限公司,14153.0
2024,8,珠海珠江车业有限公司,15914.0
2024,8,重庆鑫源摩托车股份有限公司,15936.0
2024,8,五羊-本田摩托（广州）有限公司,13834.0
2024,8,鹤山国机南联摩托车工业有限公司,17223.0
2024,8,台州市王野机车有限责任公司,11247.0
2024,8,浙江春风动力股份有限公司,7350.0
2024,8,重庆建设机电有限责任公司,9821.0
2024,8,江门市长华集团有限公司,6882.0
2024,8,常州光阳摩托车有限公司,7026.0
2024,8,长铃集团长春摩托车工业有限公司,9397.0
2024,8,江门市华龙摩托车有限公司,10604.0
2024,8,江苏众星摩托有限公司,6929.0
2024,8,浙江嘉爵摩托车制造有限公司,8398.0
2024,8,重庆望江摩托车制造有限公司,8146.0
2024,8,浙江华洋赛车股份有限公司,8302.0
2024,8,江门市迪豪摩托车有限公司,5527.0
2024,8,三友控股集团银友摩托车有限公司,3698.0
2024,8,宁波市龙嘉动力科技有限公司,3715.0
2024,8,济南轻骑摩托车有限公司,2979.0
2024,8,重庆银钢科技(集团)有限公司,5488.0
2024,8,宁波市龙嘉摩托车有限公司,4655.0
2024,8,浙江森铃摩托车有限公司,2836.0
2024,8,重庆嘉陵工业有限公司,5136.0
2024,8,济南大隆机车工业有限公司,4031.0
2024,8,浙江天本车业有限公司,2763.0
2024,8,重庆新感觉摩托车有限公司,2165.0
2024,8,重庆光宇摩托车制造有限公司,2448.0
2024,8,江苏林海动力机械集团有限公司,1816.0
2024,8,重庆劲扬摩托车工业有限公司,1659.0
2024,8,广州福羊科技有限公司,1825.0
2024,8,浙江吉铭实业有限公司,990.0
2024,8,增城市东阳摩托车实业有限公司,2556.0
2024,8,福建省晋江市三力机车有限公司,1313.0
2024,8,金翌车业有限公司,767.0
2024,8,西藏新珠峰摩托车有限公司,1605.0
2024,8,杭州土星动力科技有限公司,511.0
2024,8,广州番禺豪剑摩托车工业有限公司,804.0
2024,8,重庆万虎机电有限责任公司,1042.0
2024,8,金城集团有限公司,511.0
2024,8,济南轻骑铃木摩托车有限公司,50.0
2024,8,江苏林芝山阳集团有限公司,94.0
2024,8,浙江日雅摩托车有限公司,151.0
2024,8,立峰集团有限公司,180.0
2024,8,康超集团广州摩托车制造有限公司,234.0
2024,8,慈溪金轮机车制造有限公司,0.0
2024,8,宁波东方凌云车辆制造有限公司,0.0
2024,8,广东大联统摩托车有限公司,0.0
2024,8,广州五羊摩托有限公司,0.0
2024,9,重庆隆鑫机车有限公司,149152.0
2024,9,江门市大长江集团有限公司,99883.0
2024,9,广东大冶摩托车技术有限公司,75544.0
2024,9,广州豪进摩托车股份有限公司,71996.0
2024,9,重庆银翔摩托车集团有限公司,46850.0
2024,9,宗申产业集团有限公司,57007.0
2024,9,江门市珠峰摩托车有限公司,33097.0
2024,9,新大洲本田摩托(苏州)有限公司,43876.0
2024,9,力帆实业（集团）股份有限公司,31206.0
2024,9,重庆润通智能装备有限公司,24877.0
2024,9,广州大运摩托车有限公司,24005.0
2024,9,广州天马集团天马摩托车有限公司,27156.0
2024,9,广州三雅摩托车有限公司,21464.0
2024,9,浙江钱江摩托股份有限公司,25062.0
2024,9,厦门厦杏摩托有限公司,20905.0
2024,9,洛阳北方企业集团有限公司,11751.0
2024,9,重庆航天巴山摩托车制造有限公司,25823.0
2024,9,广东星际机车科技有限公司,17340.0
2024,9,珠海珠江车业有限公司,17452.0
2024,9,重庆鑫源摩托车股份有限公司,15038.0
2024,9,五羊-本田摩托（广州）有限公司,14019.0
2024,9,鹤山国机南联摩托车工业有限公司,13557.0
2024,9,台州市王野机车有限责任公司,13266.0
2024,9,浙江春风动力股份有限公司,7006.0
2024,9,重庆建设机电有限责任公司,11212.0
2024,9,江门市长华集团有限公司,9529.0
2024,9,长铃集团长春摩托车工业有限公司,7147.0
2024,9,重庆望江摩托车制造有限公司,12243.0
2024,9,常州光阳摩托车有限公司,6201.0
2024,9,江门市华龙摩托车有限公司,7938.0
2024,9,江苏众星摩托有限公司,7083.0
2024,9,浙江嘉爵摩托车制造有限公司,4633.0
2024,9,浙江华洋赛车股份有限公司,3020.0
2024,9,江门市迪豪摩托车有限公司,4536.0
2024,9,三友控股集团银友摩托车有限公司,4302.0
2024,9,济南轻骑摩托车有限公司,3750.0
2024,9,宁波市龙嘉动力科技有限公司,1029.0
2024,9,重庆银钢科技(集团)有限公司,3354.0
2024,9,重庆嘉陵工业有限公司,6468.0
2024,9,宁波市龙嘉摩托车有限公司,4976.0
2024,9,浙江森铃摩托车有限公司,3811.0
2024,9,济南大隆机车工业有限公司,3701.0
2024,9,浙江天本车业有限公司,3078.0
2024,9,重庆光宇摩托车制造有限公司,3163.0
2024,9,重庆新感觉摩托车有限公司,1484.0
2024,9,广州福羊科技有限公司,3925.0
2024,9,江苏林海动力机械集团有限公司,1710.0
2024,9,重庆劲扬摩托车工业有限公司,2432.0
2024,9,浙江吉铭实业有限公司,1070.0
2024,9,增城市东阳摩托车实业有限公司,3420.0
2024,9,福建省晋江市三力机车有限公司,1312.0
2024,9,西藏新珠峰摩托车有限公司,1430.0
2024,9,金翌车业有限公司,243.0
2024,9,杭州土星动力科技有限公司,620.0
2024,9,广州番禺豪剑摩托车工业有限公司,1014.0
2024,9,重庆万虎机电有限责任公司,546.0
2024,9,金城集团有限公司,760.0
2024,9,济南轻骑铃木摩托车有限公司,384.0
2024,9,康超集团广州摩托车制造有限公司,1000.0
2024,9,江苏林芝山阳集团有限公司,90.0
2024,9,浙江日雅摩托车有限公司,40.0
2024,9,立峰集团有限公司,0.0
2024,9,慈溪金轮机车制造有限公司,0.0
2024,9,宁波东方凌云车辆制造有限公司,0.0
2024,9,广东大联统摩托车有限公司,0.0
2024,9,广州五羊摩托有限公司,0.0
2024,10,重庆隆鑫机车有限公司,136073.0
2024,10,江门市大长江集团有限公司,90607.0
2024,10,广东大冶摩托车技术有限公司,63805.0
2024,10,广州豪进摩托车股份有限公司,45296.0
2024,10,重庆银翔摩托车集团有限公司,39495.0
2024,10,宗申产业集团有限公司,51788.0
2024,10,江门市珠峰摩托车有限公司,26033.0
2024,10,新大洲本田摩托(苏州)有限公司,41584.0
2024,10,力帆实业（集团）股份有限公司,26403.0
2024,10,重庆润通智能装备有限公司,26878.0
2024,10,广州大运摩托车有限公司,24218.0
2024,10,广州天马集团天马摩托车有限公司,16752.0
2024,10,广州三雅摩托车有限公司,17899.0
2024,10,厦门厦杏摩托有限公司,22077.0
2024,10,重庆航天巴山摩托车制造有限公司,22191.0
2024,10,浙江钱江摩托股份有限公司,8172.0
2024,10,洛阳北方企业集团有限公司,13109.0
2024,10,广东星际机车科技有限公司,17340.0
2024,10,重庆鑫源摩托车股份有限公司,17842.0
2024,10,珠海珠江车业有限公司,10493.0
2024,10,五羊-本田摩托（广州）有限公司,13260.0
2024,10,鹤山国机南联摩托车工业有限公司,16068.0
2024,10,台州市王野机车有限责任公司,14369.0
2024,10,浙江春风动力股份有限公司,7167.0
2024,10,重庆建设机电有限责任公司,6560.0
2024,10,重庆望江摩托车制造有限公司,15461.0
2024,10,江门市长华集团有限公司,3306.0
2024,10,长铃集团长春摩托车工业有限公司,6780.0
2024,10,江门市华龙摩托车有限公司,5310.0
2024,10,常州光阳摩托车有限公司,3865.0
2024,10,江苏众星摩托有限公司,7229.0
2024,10,浙江嘉爵摩托车制造有限公司,1615.0
2024,10,浙江华洋赛车股份有限公司,2769.0
2024,10,江门市迪豪摩托车有限公司,4053.0
2024,10,三友控股集团银友摩托车有限公司,3272.0
2024,10,宁波市龙嘉摩托车有限公司,8277.0
2024,10,重庆嘉陵工业有限公司,6890.0
2024,10,宁波市龙嘉动力科技有限公司,3374.0
2024,10,济南轻骑摩托车有限公司,2418.0
2024,10,重庆银钢科技(集团)有限公司,1784.0
2024,10,济南大隆机车工业有限公司,3028.0
2024,10,浙江森铃摩托车有限公司,1885.0
2024,10,浙江天本车业有限公司,3235.0
2024,10,重庆光宇摩托车制造有限公司,3863.0
2024,10,重庆新感觉摩托车有限公司,2805.0
2024,10,广州福羊科技有限公司,3176.0
2024,10,重庆劲扬摩托车工业有限公司,3217.0
2024,10,江苏林海动力机械集团有限公司,1711.0
2024,10,增城市东阳摩托车实业有限公司,1851.0
2024,10,浙江吉铭实业有限公司,394.0
2024,10,福建省晋江市三力机车有限公司,1352.0
2024,10,西藏新珠峰摩托车有限公司,1270.0
2024,10,金翌车业有限公司,416.0
2024,10,杭州土星动力科技有限公司,497.0
2024,10,广州番禺豪剑摩托车工业有限公司,804.0
2024,10,重庆万虎机电有限责任公司,791.0
2024,10,金城集团有限公司,912.0
2024,10,济南轻骑铃木摩托车有限公司,240.0
2024,10,康超集团广州摩托车制造有限公司,200.0
2024,10,江苏林芝山阳集团有限公司,165.0
2024,10,浙江日雅摩托车有限公司,395.0
2024,10,立峰集团有限公司,73.0
2024,10,慈溪金轮机车制造有限公司,0.0
2024,10,宁波东方凌云车辆制造有限公司,0.0
2024,10,广东大联统摩托车有限公司,0.0
2024,10,广州五羊摩托有限公司,0.0
2024,11,重庆隆鑫机车有限公司,142430.0
2024,11,江门市大长江集团有限公司,91995.0
2024,11,广东大冶摩托车技术有限公司,71869.0
2024,11,广州豪进摩托车股份有限公司,47016.0
2024,11,重庆银翔摩托车集团有限公司,49705.0
2024,11,宗申产业集团有限公司,51932.0
2024,11,江门市珠峰摩托车有限公司,41254.0
2024,11,新大洲本田摩托(苏州)有限公司,42717.0
2024,11,力帆实业（集团）股份有限公司,29079.0
2024,11,重庆润通智能装备有限公司,29627.0
2024,11,广州大运摩托车有限公司,20134.0
2024,11,广州天马集团天马摩托车有限公司,20079.0
2024,11,重庆航天巴山摩托车制造有限公司,29812.0
2024,11,厦门厦杏摩托有限公司,20737.0
2024,11,广州三雅摩托车有限公司,17611.0
2024,11,浙江钱江摩托股份有限公司,18185.0
2024,11,洛阳北方企业集团有限公司,11628.0
2024,11,广东星际机车科技有限公司,25673.0
2024,11,重庆鑫源摩托车股份有限公司,17941.0
2024,11,珠海珠江车业有限公司,13020.0
2024,11,五羊-本田摩托（广州）有限公司,14161.0
2024,11,鹤山国机南联摩托车工业有限公司,7968.0
2024,11,台州市王野机车有限责任公司,6266.0
2024,11,浙江春风动力股份有限公司,9261.0
2024,11,重庆望江摩托车制造有限公司,14147.0
2024,11,重庆建设机电有限责任公司,5600.0
2024,11,江门市长华集团有限公司,6734.0
2024,11,长铃集团长春摩托车工业有限公司,7122.0
2024,11,江苏众星摩托有限公司,7812.0
2024,11,江门市华龙摩托车有限公司,5191.0
2024,11,常州光阳摩托车有限公司,5370.0
2024,11,浙江嘉爵摩托车制造有限公司,3222.0
2024,11,浙江华洋赛车股份有限公司,2279.0
2024,11,江门市迪豪摩托车有限公司,4999.0
2024,11,重庆嘉陵工业有限公司,9302.0
2024,11,三友控股集团银友摩托车有限公司,2263.0
2024,11,重庆银钢科技(集团)有限公司,8313.0
2024,11,宁波市龙嘉摩托车有限公司,4266.0
2024,11,济南轻骑摩托车有限公司,2588.0
2024,11,宁波市龙嘉动力科技有限公司,1980.0
2024,11,济南大隆机车工业有限公司,4521.0
2024,11,浙江森铃摩托车有限公司,1246.0
2024,11,浙江天本车业有限公司,3274.0
2024,11,重庆光宇摩托车制造有限公司,2031.0
2024,11,重庆新感觉摩托车有限公司,2320.0
2024,11,广州福羊科技有限公司,2669.0
2024,11,重庆劲扬摩托车工业有限公司,2820.0
2024,11,江苏林海动力机械集团有限公司,88.0
2024,11,增城市东阳摩托车实业有限公司,3140.0
2024,11,浙江吉铭实业有限公司,154.0
2024,11,福建省晋江市三力机车有限公司,1922.0
2024,11,西藏新珠峰摩托车有限公司,1165.0
2024,11,杭州土星动力科技有限公司,1204.0
2024,11,金翌车业有限公司,119.0
2024,11,广州番禺豪剑摩托车工业有限公司,1014.0
2024,11,重庆万虎机电有限责任公司,1412.0
2024,11,金城集团有限公司,814.0
2024,11,济南轻骑铃木摩托车有限公司,464.0
2024,11,康超集团广州摩托车制造有限公司,0.0
2024,11,江苏林芝山阳集团有限公司,98.0
2024,11,浙江日雅摩托车有限公司,4.0
2024,11,立峰集团有限公司,81.0
2024,11,宁波东方凌云车辆制造有限公司,72.0
2024,11,慈溪金轮机车制造有限公司,0.0
2024,11,广东大联统摩托车有限公司,0.0
2024,11,广州五羊摩托有限公司,0.0
2024,12,重庆隆鑫机车有限公司,141690.0
2024,12,江门市大长江集团有限公司,106403.0
2024,12,广东大冶摩托车技术有限公司,75943.0
2024,12,广州豪进摩托车股份有限公司,42814.0
2024,12,宗申产业集团有限公司,76370.0
2024,12,重庆银翔摩托车集团有限公司,45978.0
2024,12,江门市珠峰摩托车有限公司,44039.0
2024,12,新大洲本田摩托(苏州)有限公司,45919.0
2024,12,力帆实业（集团）股份有限公司,46231.0
2024,12,重庆润通智能装备有限公司,27273.0
2024,12,广州大运摩托车有限公司,19835.0
2024,12,重庆航天巴山摩托车制造有限公司,35619.0
2024,12,广州天马集团天马摩托车有限公司,13990.0
2024,12,厦门厦杏摩托有限公司,21409.0
2024,12,广州三雅摩托车有限公司,19614.0
2024,12,浙江钱江摩托股份有限公司,22226.0
2024,12,洛阳北方企业集团有限公司,15627.0
2024,12,广东星际机车科技有限公司,21244.0
2024,12,重庆鑫源摩托车股份有限公司,22354.0
2024,12,珠海珠江车业有限公司,12630.0
2024,12,鹤山国机南联摩托车工业有限公司,22195.0
2024,12,五羊-本田摩托（广州）有限公司,7999.0
2024,12,台州市王野机车有限责任公司,18528.0
2024,12,浙江春风动力股份有限公司,20363.0
2024,12,重庆望江摩托车制造有限公司,11666.0
2024,12,重庆建设机电有限责任公司,6062.0
2024,12,江门市长华集团有限公司,6100.0
2024,12,长铃集团长春摩托车工业有限公司,12072.0
2024,12,江苏众星摩托有限公司,8732.0
2024,12,常州光阳摩托车有限公司,4664.0
2024,12,江门市华龙摩托车有限公司,2649.0
2024,12,浙江嘉爵摩托车制造有限公司,3400.0
2024,12,浙江华洋赛车股份有限公司,3203.0
2024,12,江门市迪豪摩托车有限公司,4556.0
2024,12,重庆嘉陵工业有限公司,8890.0
2024,12,三友控股集团银友摩托车有限公司,5188.0
2024,12,重庆银钢科技(集团)有限公司,6957.0
2024,12,宁波市龙嘉摩托车有限公司,4403.0
2024,12,济南轻骑摩托车有限公司,3894.0
2024,12,宁波市龙嘉动力科技有限公司,194.0
2024,12,济南大隆机车工业有限公司,1864.0
2024,12,浙江天本车业有限公司,4119.0
2024,12,浙江森铃摩托车有限公司,592.0
2024,12,重庆光宇摩托车制造有限公司,3101.0
2024,12,重庆新感觉摩托车有限公司,4551.0
2024,12,广州福羊科技有限公司,2024.0
2024,12,重庆劲扬摩托车工业有限公司,2507.0
2024,12,增城市东阳摩托车实业有限公司,4129.0
2024,12,江苏林海动力机械集团有限公司,484.0
2024,12,浙江吉铭实业有限公司,735.0
2024,12,福建省晋江市三力机车有限公司,1624.0
2024,12,西藏新珠峰摩托车有限公司,868.0
2024,12,杭州土星动力科技有限公司,2174.0
2024,12,广州番禺豪剑摩托车工业有限公司,1416.0
2024,12,重庆万虎机电有限责任公司,1629.0
2024,12,金翌车业有限公司,1.0
2024,12,金城集团有限公司,1309.0
2024,12,济南轻骑铃木摩托车有限公司,480.0
2024,12,康超集团广州摩托车制造有限公司,668.0
2024,12,江苏林芝山阳集团有限公司,332.0
2024,12,浙江日雅摩托车有限公司,0.0
2024,12,立峰集团有限公司,0.0
2024,12,宁波东方凌云车辆制造有限公司,0.0
2024,12,慈溪金轮机车制造有限公司,0.0
2024,12,广东大联统摩托车有限公司,0.0
2024,12,广州五羊摩托有限公司,0.0
2025,1,重庆隆鑫机车有限公司,147417.0
2025,1,江门市大长江集团有限公司,94067.0
2025,1,广东大冶摩托车技术有限公司,76002.0
2025,1,宗申产业集团有限公司,61287.0
2025,1,重庆银翔摩托车集团有限公司,60126.0
2025,1,广州豪进摩托车股份有限公司,58081.0
2025,1,江门市珠峰摩托车有限公司,48575.0
2025,1,力帆实业（集团）股份有限公司,35581.0
2025,1,广州天马集团天马摩托车有限公司,32238.0
2025,1,新大洲本田摩托(苏州)有限公司,29582.0
2025,1,重庆润通智能装备有限公司,28279.0
2025,1,厦门厦杏摩托有限公司,23182.0
2025,1,重庆航天巴山摩托车制造有限公司,21580.0
2025,1,广州三雅摩托车有限公司,21244.0
2025,1,洛阳北方企业集团有限公司,20526.0
2025,1,珠海珠江车业有限公司,20483.0
2025,1,广州大运摩托车有限公司,20009.0
2025,1,广东星际机车科技有限公司,18304.0
2025,1,重庆鑫源摩托车股份有限公司,16605.0
2025,1,浙江钱江摩托股份有限公司,16349.0
2025,1,五羊-本田摩托（广州）有限公司,15567.0
2025,1,鹤山国机南联摩托车工业有限公司,14430.0
2025,1,长铃集团长春摩托车工业有限公司,14172.0
2025,1,重庆建设机电有限责任公司,11870.0
2025,1,浙江嘉爵摩托车制造有限公司,11781.0
2025,1,台州市王野机车有限责任公司,9859.0
2025,1,浙江春风动力股份有限公司,9220.0
2025,1,江门市长华集团有限公司,9028.0
2025,1,江苏众星摩托有限公司,8808.0
2025,1,浙江华洋赛车股份有限公司,8454.0
2025,1,重庆嘉陵工业有限公司,7552.0
2025,1,宁波市龙嘉摩托车有限公司,6791.0
2025,1,重庆望江摩托车制造有限公司,6324.0
2025,1,江门市华龙摩托车有限公司,6119.0
2025,1,广州福羊科技有限公司,5204.0
2025,1,三友控股集团银友摩托车有限公司,5054.0
2025,1,重庆银钢科技(集团)有限公司,4603.0
2025,1,江门市迪豪摩托车有限公司,4366.0
2025,1,济南大隆机车工业有限公司,4067.0
2025,1,常州光阳摩托车有限公司,4020.0
2025,1,重庆光宇摩托车制造有限公司,3936.0
2025,1,重庆劲扬摩托车工业有限公司,3936.0
2025,1,济南轻骑摩托车有限公司,2365.0
2025,1,浙江天本车业有限公司,2039.0
2025,1,福建省晋江市三力机车有限公司,2030.0
2025,1,宁波市龙嘉动力科技有限公司,1512.0
2025,1,重庆新感觉摩托车有限公司,1135.0
2025,1,金城集团有限公司,1032.0
2025,1,康超集团广州摩托车制造有限公司,1028.0
2025,1,杭州土星动力科技有限公司,733.0
2025,1,广州番禺豪剑摩托车工业有限公司,708.0
2025,1,济南轻骑铃木摩托车有限公司,630.0
2025,1,浙江日雅摩托车有限公司,587.0
2025,1,金翌车业有限公司,499.0
2025,1,西藏新珠峰摩托车有限公司,420.0
2025,1,浙江吉铭实业有限公司,218.0
2025,1,江苏林芝山阳集团有限公司,192.0
2025,1,浙江森铃摩托车有限公司,173.0
2025,1,重庆万虎机电有限责任公司,164.0
2025,1,慈溪金轮机车制造有限公司,135.0
2025,1,江苏林海动力机械集团有限公司,88.0
2025,1,立峰集团有限公司,12.0
2025,1,宁波东方凌云车辆制造有限公司,0.0
2025,1,增城市东阳摩托车实业有限公司,0.0
2025,2,重庆隆鑫机车有限公司,99946.0
2025,2,江门市大长江集团有限公司,94626.0
2025,2,广东大冶摩托车技术有限公司,45004.0
2025,2,重庆银翔摩托车集团有限公司,52054.0
2025,2,宗申产业集团有限公司,45467.0
2025,2,广州豪进摩托车股份有限公司,30553.0
2025,2,江门市珠峰摩托车有限公司,24945.0
2025,2,新大洲本田摩托(苏州)有限公司,36462.0
2025,2,力帆实业（集团）股份有限公司,26842.0
2025,2,重庆润通智能装备有限公司,19312.0
2025,2,厦门厦杏摩托有限公司,20569.0
2025,2,重庆航天巴山摩托车制造有限公司,20219.0
2025,2,广州三雅摩托车有限公司,20238.0
2025,2,洛阳北方企业集团有限公司,20398.0
2025,2,广州大运摩托车有限公司,19924.0
2025,2,广东星际机车科技有限公司,20022.0
2025,2,广州天马集团天马摩托车有限公司,5916.0
2025,2,重庆鑫源摩托车股份有限公司,16660.0
2025,2,珠海珠江车业有限公司,10671.0
2025,2,五羊-本田摩托（广州）有限公司,13578.0
2025,2,浙江钱江摩托股份有限公司,7872.0
2025,2,重庆建设机电有限责任公司,10075.0
2025,2,鹤山国机南联摩托车工业有限公司,7464.0
2025,2,长铃集团长春摩托车工业有限公司,5800.0
2025,2,浙江春风动力股份有限公司,6956.0
2025,2,江门市长华集团有限公司,5810.0
2025,2,江苏众星摩托有限公司,5749.0
2025,2,重庆嘉陵工业有限公司,6143.0
2025,2,浙江嘉爵摩托车制造有限公司,1315.0
2025,2,重庆望江摩托车制造有限公司,4444.0
2025,2,江门市华龙摩托车有限公司,4564.0
2025,2,宁波市龙嘉摩托车有限公司,3840.0
2025,2,台州市王野机车有限责任公司,707.0
2025,2,浙江华洋赛车股份有限公司,1518.0
2025,2,广州福羊科技有限公司,3800.0
2025,2,江门市迪豪摩托车有限公司,4494.0
2025,2,常州光阳摩托车有限公司,4731.0
2025,2,重庆银钢科技(集团)有限公司,4062.0
2025,2,济南大隆机车工业有限公司,3604.0
2025,2,重庆光宇摩托车制造有限公司,3313.0
2025,2,增城市东阳摩托车实业有限公司,0.0
2025,2,三友控股集团银友摩托车有限公司,720.0
2025,2,重庆劲扬摩托车工业有限公司,1706.0
2025,2,济南轻骑摩托车有限公司,3146.0
2025,2,宁波市龙嘉动力科技有限公司,2410.0
2025,2,浙江天本车业有限公司,1417.0
2025,2,浙江森铃摩托车有限公司,2683.0
2025,2,福建省晋江市三力机车有限公司,406.0
2025,2,重庆新感觉摩托车有限公司,764.0
2025,2,重庆万虎机电有限责任公司,1682.0
2025,2,浙江吉铭实业有限公司,1570.0
2025,2,金翌车业有限公司,1056.0
2025,2,金城集团有限公司,462.0
2025,2,杭州土星动力科技有限公司,501.0
2025,2,西藏新珠峰摩托车有限公司,720.0
2025,2,济南轻骑铃木摩托车有限公司,410.0
2025,2,康超集团广州摩托车制造有限公司,0.0
2025,2,广州番禺豪剑摩托车工业有限公司,192.0
2025,2,浙江日雅摩托车有限公司,1.0
2025,2,立峰集团有限公司,197.0
2025,2,江苏林芝山阳集团有限公司,0.0
2025,2,江苏林海动力机械集团有限公司,88.0
2025,2,慈溪金轮机车制造有限公司,0.0
2025,2,宁波东方凌云车辆制造有限公司,0.0
2025,3,重庆隆鑫机车有限公司,149022.0
2025,3,江门市大长江集团有限公司,125455.0
2025,3,广东大冶摩托车技术有限公司,90129.0
2025,3,重庆银翔摩托车集团有限公司,60015.0
2025,3,宗申产业集团有限公司,61014.0
2025,3,广州豪进摩托车股份有限公司,66384.0
2025,3,江门市珠峰摩托车有限公司,52068.0
2025,3,新大洲本田摩托(苏州)有限公司,41831.0
2025,3,力帆实业（集团）股份有限公司,33568.0
2025,3,重庆润通智能装备有限公司,21756.0
2025,3,厦门厦杏摩托有限公司,23077.0
2025,3,重庆航天巴山摩托车制造有限公司,24474.0
2025,3,洛阳北方企业集团有限公司,23470.0
2025,3,广州大运摩托车有限公司,23024.0
2025,3,广东星际机车科技有限公司,24447.0
2025,3,广州三雅摩托车有限公司,20572.0
2025,3,广州天马集团天马摩托车有限公司,20828.0
2025,3,重庆鑫源摩托车股份有限公司,18521.0
2025,3,五羊-本田摩托（广州）有限公司,12284.0
2025,3,珠海珠江车业有限公司,7641.0
2025,3,浙江钱江摩托股份有限公司,14192.0
2025,3,重庆安第斯摩托车制造有限公司,15636.0
2025,3,浙江春风动力股份有限公司,19551.0
2025,3,鹤山国机南联摩托车工业有限公司,9351.0
2025,3,重庆建设机电有限责任公司,8162.0
2025,3,长铃集团长春摩托车工业有限公司,10000.0
2025,3,重庆嘉陵工业有限公司,11001.0
2025,3,江苏众星摩托有限公司,8200.0
2025,3,浙江嘉爵摩托车制造有限公司,7172.0
2025,3,江门市长华集团有限公司,4330.0
2025,3,重庆望江摩托车制造有限公司,6528.0
2025,3,宁波市龙嘉摩托车有限公司,6461.0
2025,3,常州光阳摩托车有限公司,8243.0
2025,3,重庆银钢科技(集团)有限公司,6289.0
2025,3,济南大隆机车工业有限公司,7123.0
2025,3,江门市迪豪摩托车有限公司,5742.0
2025,3,江门市华龙摩托车有限公司,2813.0
2025,3,台州市王野机车有限责任公司,2885.0
2025,3,浙江华洋赛车股份有限公司,3302.0
2025,3,广州福羊科技有限公司,3696.0
2025,3,增城市东阳摩托车实业有限公司,4865.0
2025,3,重庆劲扬摩托车工业有限公司,3176.0
2025,3,济南轻骑摩托车有限公司,3150.0
2025,3,重庆光宇摩托车制造有限公司,1327.0
2025,3,三友控股集团银友摩托车有限公司,1251.0
2025,3,宁波市龙嘉动力科技有限公司,2498.0
2025,3,浙江天本车业有限公司,2941.0
2025,3,浙江森铃摩托车有限公司,2428.0
2025,3,重庆新感觉摩托车有限公司,2148.0
2025,3,江苏林海动力机械集团有限公司,3449.0
2025,3,浙江吉铭实业有限公司,1757.0
2025,3,福建省晋江市三力机车有限公司,1015.0
2025,3,杭州土星动力科技有限公司,1468.0
2025,3,重庆万虎机电有限责任公司,836.0
2025,3,金翌车业有限公司,883.0
2025,3,金城集团有限公司,786.0
2025,3,西藏新珠峰摩托车有限公司,1140.0
2025,3,广州番禺豪剑摩托车工业有限公司,708.0
2025,3,康超集团广州摩托车制造有限公司,350.0
2025,3,浙江日雅摩托车有限公司,765.0
2025,3,济南轻骑铃木摩托车有限公司,240.0
2025,3,江苏林芝山阳集团有限公司,354.0
2025,3,立峰集团有限公司,0.0
2025,3,慈溪金轮机车制造有限公司,0.0
2025,3,宁波东方凌云车辆制造有限公司,0.0
2025,4,重庆隆鑫机车有限公司,149284.0
2025,4,江门市大长江集团有限公司,142062.0
2025,4,广东大冶摩托车技术有限公司,77647.0
2025,4,宗申产业集团有限公司,71193.0
2025,4,重庆银翔摩托车集团有限公司,48835.0
2025,4,广州豪进摩托车股份有限公司,59950.0
2025,4,江门市珠峰摩托车有限公司,64689.0
2025,4,新大洲本田摩托(苏州)有限公司,44371.0
2025,4,重庆千里科技股份有限公司,43340.0
2025,4,重庆润通智能装备有限公司,37732.0
2025,4,洛阳北方企业集团有限公司,30090.0
2025,4,重庆航天巴山摩托车制造有限公司,23945.0
2025,4,厦门厦杏摩托有限公司,22702.0
2025,4,广州大运摩托车有限公司,24006.0
2025,4,广州天马集团天马摩托车有限公司,25890.0
2025,4,广东星际机车科技有限公司,20500.0
2025,4,广州三雅摩托车有限公司,20638.0
2025,4,重庆鑫源摩托车股份有限公司,13915.0
2025,4,珠海珠江车业有限公司,22098.0
2025,4,五羊-本田摩托（广州）有限公司,15298.0
2025,4,重庆安第斯摩托车制造有限公司,16758.0
2025,4,浙江钱江摩托股份有限公司,14270.0
2025,4,长铃集团长春摩托车工业有限公司,17134.0
2025,4,浙江春风动力股份有限公司,10325.0
2025,4,鹤山国机南联摩托车工业有限公司,14127.0
2025,4,重庆建设机电有限责任公司,12879.0
2025,4,重庆嘉陵工业有限公司,14292.0
2025,4,江门市长华集团有限公司,18879.0
2025,4,江苏众星摩托有限公司,7746.0
2025,4,常州光阳摩托车有限公司,8697.0
2025,4,台州市王野机车有限责任公司,11735.0
2025,4,重庆望江摩托车制造有限公司,6850.0
2025,4,浙江嘉爵摩托车制造有限公司,2880.0
2025,4,江门市迪豪摩托车有限公司,6717.0
2025,4,济南大隆机车工业有限公司,6192.0
2025,4,浙江华洋赛车股份有限公司,7477.0
2025,4,江门市华龙摩托车有限公司,6910.0
2025,4,重庆银钢科技(集团)有限公司,4642.0
2025,4,宁波市龙嘉摩托车有限公司,2234.0
2025,4,广州福羊科技有限公司,5731.0
2025,4,增城市东阳摩托车实业有限公司,6362.0
2025,4,济南轻骑摩托车有限公司,4958.0
2025,4,重庆劲扬摩托车工业有限公司,3623.0
2025,4,重庆光宇摩托车制造有限公司,2325.0
2025,4,宁波市龙嘉动力科技有限公司,3092.0
2025,4,浙江森铃摩托车有限公司,3995.0
2025,4,浙江天本车业有限公司,2494.0
2025,4,三友控股集团银友摩托车有限公司,823.0
2025,4,江苏林海动力机械集团有限公司,3176.0
2025,4,浙江吉铭实业有限公司,2360.0
2025,4,杭州土星动力科技有限公司,2764.0
2025,4,福建省晋江市三力机车有限公司,1455.0
2025,4,重庆新感觉摩托车有限公司,725.0
2025,4,重庆万虎机电有限责任公司,1984.0
2025,4,西藏新珠峰摩托车有限公司,1505.0
2025,4,金城集团有限公司,1168.0
2025,4,金翌车业有限公司,618.0
2025,4,广州番禺豪剑摩托车工业有限公司,1128.0
2025,4,康超集团广州摩托车制造有限公司,839.0
2025,4,济南轻骑铃木摩托车有限公司,480.0
2025,4,浙江日雅摩托车有限公司,50.0
2025,4,江苏林芝山阳集团有限公司,248.0
2025,4,立峰集团有限公司,74.0
2025,4,慈溪金轮机车制造有限公司,0.0
2025,4,宁波东方凌云车辆制造有限公司,0.0
2025,5,重庆隆鑫机车有限公司,124906.0
2025,5,江门市大长江集团有限公司,163349.0
2025,5,广东大冶摩托车技术有限公司,63562.0
2025,5,宗申产业集团有限公司,71338.0
2025,5,重庆银翔摩托车集团有限公司,65572.0
2025,5,广州豪进摩托车股份有限公司,59640.0
2025,5,江门市珠峰摩托车有限公司,43100.0
2025,5,新大洲本田摩托(苏州)有限公司,48695.0
2025,5,重庆千里科技股份有限公司,46114.0
2025,5,重庆润通智能装备有限公司,19851.0
2025,5,洛阳北方企业集团有限公司,27345.0
2025,5,重庆航天巴山摩托车制造有限公司,26725.0
2025,5,厦门厦杏摩托有限公司,23934.0
2025,5,广州大运摩托车有限公司,25224.0
2025,5,广州天马集团天马摩托车有限公司,25052.0
2025,5,广州三雅摩托车有限公司,20778.0
2025,5,广东星际机车科技有限公司,17970.0
2025,5,重庆鑫源摩托车股份有限公司,21290.0
2025,5,珠海珠江车业有限公司,17429.0
2025,5,重庆安第斯摩托车制造有限公司,22240.0
2025,5,浙江钱江摩托股份有限公司,19862.0
2025,5,五羊-本田摩托（广州）有限公司,14648.0
2025,5,长铃集团长春摩托车工业有限公司,16540.0
2025,5,浙江春风动力股份有限公司,12049.0
2025,5,鹤山国机南联摩托车工业有限公司,9452.0
2025,5,重庆建设机电有限责任公司,10075.0
2025,5,江门市长华集团有限公司,13823.0
2025,5,重庆嘉陵工业有限公司,9297.0
2025,5,江苏众星摩托有限公司,7447.0
2025,5,常州光阳摩托车有限公司,9739.0
2025,5,台州市王野机车有限责任公司,7421.0
2025,5,浙江华洋赛车股份有限公司,10599.0
2025,5,重庆银钢科技(集团)有限公司,8806.0
2025,5,浙江嘉爵摩托车制造有限公司,5070.0
2025,5,重庆望江摩托车制造有限公司,3053.0
2025,5,江门市迪豪摩托车有限公司,3689.0
2025,5,江门市华龙摩托车有限公司,4200.0
2025,5,宁波市龙嘉摩托车有限公司,4924.0
2025,5,济南大隆机车工业有限公司,2421.0
2025,5,增城市东阳摩托车实业有限公司,4834.0
2025,5,广州福羊科技有限公司,3040.0
2025,5,重庆劲扬摩托车工业有限公司,4517.0
2025,5,济南轻骑摩托车有限公司,3075.0
2025,5,宁波市龙嘉动力科技有限公司,4903.0
2025,5,重庆光宇摩托车制造有限公司,3093.0
2025,5,浙江森铃摩托车有限公司,2095.0
2025,5,浙江天本车业有限公司,2231.0
2025,5,江苏林海动力机械集团有限公司,3003.0
2025,5,三友控股集团银友摩托车有限公司,0.0
2025,5,福建省晋江市三力机车有限公司,2220.0
2025,5,杭州土星动力科技有限公司,1658.0
2025,5,浙江吉铭实业有限公司,1039.0
2025,5,西藏新珠峰摩托车有限公司,2590.0
2025,5,重庆新感觉摩托车有限公司,1267.0
2025,5,重庆万虎机电有限责任公司,1247.0
2025,5,金城集团有限公司,908.0
2025,5,广州番禺豪剑摩托车工业有限公司,708.0
2025,5,康超集团广州摩托车制造有限公司,1141.0
2025,5,金翌车业有限公司,225.0
2025,5,济南轻骑铃木摩托车有限公司,700.0
2025,5,浙江日雅摩托车有限公司,335.0
2025,5,江苏林芝山阳集团有限公司,0.0
2025,5,立峰集团有限公司,20.0
2025,5,慈溪金轮机车制造有限公司,0.0
2025,5,宁波东方凌云车辆制造有限公司,0.0
2025,6,重庆隆鑫机车有限公司,126230.0
2025,6,江门市大长江集团有限公司,141574.0
2025,6,广东大冶摩托车技术有限公司,90175.0
2025,6,宗申产业集团有限公司,71336.0
2025,6,重庆银翔摩托车集团有限公司,61705.0
2025,6,广州豪进摩托车股份有限公司,51386.0
2025,6,江门市珠峰摩托车有限公司,39478.0
2025,6,新大洲本田摩托(苏州)有限公司,55070.0
2025,6,重庆千里科技股份有限公司,41483.0
2025,6,重庆航天巴山摩托车制造有限公司,33785.0
2025,6,洛阳北方企业集团有限公司,27158.0
2025,6,重庆润通智能装备有限公司,18111.0
2025,6,广州大运摩托车有限公司,26003.0
2025,6,厦门厦杏摩托有限公司,24257.0
2025,6,广州天马集团天马摩托车有限公司,25343.0
2025,6,广州三雅摩托车有限公司,27675.0
2025,6,广东星际机车科技有限公司,29098.0
2025,6,重庆鑫源摩托车股份有限公司,19140.0
2025,6,重庆安第斯摩托车制造有限公司,23745.0
2025,6,浙江钱江摩托股份有限公司,21531.0
2025,6,珠海珠江车业有限公司,12425.0
2025,6,五羊-本田摩托（广州）有限公司,17747.0
2025,6,长铃集团长春摩托车工业有限公司,17690.0
2025,6,鹤山国机南联摩托车工业有限公司,24991.0
2025,6,浙江春风动力股份有限公司,13203.0
2025,6,江门市长华集团有限公司,11731.0
2025,6,重庆建设机电有限责任公司,5276.0
2025,6,重庆嘉陵工业有限公司,8991.0
2025,6,江苏众星摩托有限公司,7084.0
2025,6,常州光阳摩托车有限公司,8597.0
2025,6,台州市王野机车有限责任公司,10336.0
2025,6,浙江华洋赛车股份有限公司,10238.0
2025,6,重庆银钢科技(集团)有限公司,6282.0
2025,6,江门市迪豪摩托车有限公司,8994.0
2025,6,浙江嘉爵摩托车制造有限公司,3806.0
2025,6,宁波市龙嘉摩托车有限公司,6833.0
2025,6,重庆望江摩托车制造有限公司,3762.0
2025,6,江门市华龙摩托车有限公司,3920.0
2025,6,增城市东阳摩托车实业有限公司,4841.0
2025,6,广州福羊科技有限公司,4568.0
2025,6,济南大隆机车工业有限公司,2589.0
2025,6,济南轻骑摩托车有限公司,4359.0
2025,6,重庆劲扬摩托车工业有限公司,3374.0
2025,6,宁波市龙嘉动力科技有限公司,2193.0
2025,6,重庆光宇摩托车制造有限公司,1077.0
2025,6,江苏林海动力机械集团有限公司,4912.0
2025,6,浙江天本车业有限公司,3185.0
2025,6,浙江森铃摩托车有限公司,680.0
2025,6,杭州土星动力科技有限公司,3143.0
2025,6,西藏新珠峰摩托车有限公司,3000.0
2025,6,重庆新感觉摩托车有限公司,2078.0
2025,6,三友控股集团银友摩托车有限公司,0.0
2025,6,浙江吉铭实业有限公司,550.0
2025,6,福建省晋江市三力机车有限公司,10.0
2025,6,重庆万虎机电有限责任公司,1042.0
2025,6,金城集团有限公司,38.0
2025,6,广州番禺豪剑摩托车工业有限公司,918.0
2025,6,康超集团广州摩托车制造有限公司,465.0
2025,6,金翌车业有限公司,324.0
2025,6,济南轻骑铃木摩托车有限公司,550.0
2025,6,浙江日雅摩托车有限公司,172.0
2025,6,江苏林芝山阳集团有限公司,296.0
2025,6,立峰集团有限公司,0.0
2025,6,广州五羊摩托有限公司,188.0
2025,6,慈溪金轮机车制造有限公司,0.0
2025,6,宁波东方凌云车辆制造有限公司,0.0
2025,7,江门市大长江集团有限公司,171151.0
2025,7,重庆隆鑫机车有限公司,92157.0
2025,7,广东大冶摩托车技术有限公司,95614.0
2025,7,宗申产业集团有限公司,66873.0
2025,7,重庆银翔摩托车集团有限公司,52322.0
2025,7,广州豪进摩托车股份有限公司,64307.0
2025,7,江门市珠峰摩托车有限公司,43002.0
2025,7,新大洲本田摩托(苏州)有限公司,56041.0
2025,7,重庆千里科技股份有限公司,36297.0
2025,7,重庆航天巴山摩托车制造有限公司,31909.0
2025,7,洛阳北方企业集团有限公司,20194.0
2025,7,广州天马集团天马摩托车有限公司,31947.0
2025,7,广州大运摩托车有限公司,26046.0
2025,7,厦门厦杏摩托有限公司,23349.0
2025,7,广东星际机车科技有限公司,27329.0
2025,7,重庆润通智能装备有限公司,10970.0
2025,7,广州三雅摩托车有限公司,20583.0
2025,7,重庆鑫源摩托车股份有限公司,14823.0
2025,7,重庆安第斯摩托车制造有限公司,16845.0
2025,7,浙江钱江摩托股份有限公司,17743.0
2025,7,珠海珠江车业有限公司,18320.0
2025,7,五羊-本田摩托（广州）有限公司,15160.0
2025,7,长铃集团长春摩托车工业有限公司,16290.0
2025,7,鹤山国机南联摩托车工业有限公司,12773.0
2025,7,浙江春风动力股份有限公司,12219.0
2025,7,江门市长华集团有限公司,16492.0
2025,7,重庆嘉陵工业有限公司,10011.0
2025,7,重庆建设机电有限责任公司,7839.0
2025,7,常州光阳摩托车有限公司,11071.0
2025,7,台州市王野机车有限责任公司,9485.0
2025,7,江苏众星摩托有限公司,6829.0
2025,7,浙江华洋赛车股份有限公司,5604.0
2025,7,重庆银钢科技(集团)有限公司,7771.0
2025,7,江门市迪豪摩托车有限公司,7791.0
2025,7,重庆望江摩托车制造有限公司,5092.0
2025,7,浙江嘉爵摩托车制造有限公司,2613.0
2025,7,增城市东阳摩托车实业有限公司,7221.0
2025,7,宁波市龙嘉摩托车有限公司,3024.0
2025,7,济南大隆机车工业有限公司,6563.0
2025,7,江门市华龙摩托车有限公司,2130.0
2025,7,广州福羊科技有限公司,2630.0
2025,7,济南轻骑摩托车有限公司,3555.0
2025,7,重庆劲扬摩托车工业有限公司,2732.0
2025,7,宁波市龙嘉动力科技有限公司,3158.0
2025,7,三友控股集团银友摩托车有限公司,3563.0
2025,7,江苏林海动力机械集团有限公司,3048.0
2025,7,浙江天本车业有限公司,3187.0
2025,7,重庆光宇摩托车制造有限公司,2188.0
2025,7,浙江森铃摩托车有限公司,2518.0
2025,7,西藏新珠峰摩托车有限公司,3521.0
2025,7,杭州土星动力科技有限公司,2300.0
2025,7,重庆新感觉摩托车有限公司,3141.0
2025,7,浙江吉铭实业有限公司,2680.0
2025,7,重庆万虎机电有限责任公司,1227.0
2025,7,福建省晋江市三力机车有限公司,142.0
2025,7,金城集团有限公司,1688.0
2025,7,广州番禺豪剑摩托车工业有限公司,498.0
2025,7,康超集团广州摩托车制造有限公司,344.0
2025,7,金翌车业有限公司,0.0
2025,7,济南轻骑铃木摩托车有限公司,480.0
2025,7,浙江日雅摩托车有限公司,275.0
2025,7,江苏林芝山阳集团有限公司,300.0
2025,7,立峰集团有限公司,63.0
2025,7,广州五羊摩托有限公司,0.0
2025,7,慈溪金轮机车制造有限公司,30.0
2025,7,宁波东方凌云车辆制造有限公司,0.0
2025,8,江门市大长江集团有限公司,170157.0
2025,8,重庆隆鑫机车有限公司,97589.0
2025,8,广东大冶摩托车技术有限公司,102538.0
2025,8,宗申产业集团有限公司,47857.0
2025,8,重庆银翔摩托车集团有限公司,52330.0
2025,8,广州豪进摩托车股份有限公司,55924.0
2025,8,新大洲本田摩托(苏州)有限公司,55274.0
2025,8,江门市珠峰摩托车有限公司,41560.0
2025,8,重庆千里科技股份有限公司,34402.0
2025,8,重庆航天巴山摩托车制造有限公司,32969.0
2025,8,广州天马集团天马摩托车有限公司,27592.0
2025,8,广州大运摩托车有限公司,26503.0
2025,8,洛阳北方企业集团有限公司,19763.0
2025,8,广州三雅摩托车有限公司,31442.0
2025,8,厦门厦杏摩托有限公司,19364.0
2025,8,广东星际机车科技有限公司,21005.0
2025,8,重庆润通智能装备有限公司,10970.0
2025,8,重庆安第斯摩托车制造有限公司,22281.0
2025,8,浙江钱江摩托股份有限公司,23225.0
2025,8,重庆鑫源摩托车股份有限公司,11300.0
2025,8,珠海珠江车业有限公司,16038.0
2025,8,五羊-本田摩托（广州）有限公司,14233.0
2025,8,长铃集团长春摩托车工业有限公司,13322.0
2025,8,鹤山国机南联摩托车工业有限公司,18134.0
2025,8,浙江春风动力股份有限公司,10978.0
2025,8,江门市长华集团有限公司,12613.0
2025,8,重庆嘉陵工业有限公司,11620.0
2025,8,重庆建设机电有限责任公司,4767.0
2025,8,台州市王野机车有限责任公司,16052.0
2025,8,常州光阳摩托车有限公司,6526.0
2025,8,江苏众星摩托有限公司,7137.0
2025,8,江门市迪豪摩托车有限公司,11081.0
2025,8,浙江华洋赛车股份有限公司,5455.0
2025,8,重庆银钢科技(集团)有限公司,6644.0
2025,8,重庆望江摩托车制造有限公司,10723.0
2025,8,宁波市龙嘉摩托车有限公司,4724.0
2025,8,增城市东阳摩托车实业有限公司,3857.0
2025,8,浙江嘉爵摩托车制造有限公司,2572.0
2025,8,济南大隆机车工业有限公司,4361.0
2025,8,江门市华龙摩托车有限公司,1917.0
2025,8,广州福羊科技有限公司,2857.0
2025,8,重庆劲扬摩托车工业有限公司,3995.0
2025,8,济南轻骑摩托车有限公司,1204.0
2025,8,三友控股集团银友摩托车有限公司,4741.0
2025,8,宁波市龙嘉动力科技有限公司,1894.0
2025,8,浙江天本车业有限公司,2732.0
2025,8,重庆光宇摩托车制造有限公司,2146.0
2025,8,江苏林海动力机械集团有限公司,1500.0
2025,8,浙江森铃摩托车有限公司,1862.0
2025,8,西藏新珠峰摩托车有限公司,2015.0
2025,8,杭州土星动力科技有限公司,1654.0
2025,8,重庆新感觉摩托车有限公司,2905.0
2025,8,浙江吉铭实业有限公司,738.0
2025,8,重庆万虎机电有限责任公司,1512.0
2025,8,金城集团有限公司,1608.0
2025,8,福建省晋江市三力机车有限公司,406.0
2025,8,康超集团广州摩托车制造有限公司,1675.0
2025,8,广州番禺豪剑摩托车工业有限公司,918.0
2025,8,济南轻骑铃木摩托车有限公司,480.0
2025,8,金翌车业有限公司,222.0
2025,8,浙江日雅摩托车有限公司,3.0
2025,8,江苏林芝山阳集团有限公司,216.0
2025,8,立峰集团有限公司,120.0
2025,8,广州五羊摩托有限公司,0.0
2025,8,慈溪金轮机车制造有限公司,0.0
2025,8,宁波东方凌云车辆制造有限公司,0.0
2025,9,江门市大长江集团有限公司,179578.0
2025,9,重庆隆鑫机车有限公司,111939.0
2025,9,广东大冶摩托车技术有限公司,98246.0
2025,9,宗申产业集团有限公司,54511.0
2025,9,广州豪进摩托车股份有限公司,83278.0
2025,9,重庆银翔摩托车集团有限公司,58185.0
2025,9,新大洲本田摩托(苏州)有限公司,61722.0
2025,9,江门市珠峰摩托车有限公司,32662.0
2025,9,重庆千里科技股份有限公司,32965.0
2025,9,重庆航天巴山摩托车制造有限公司,39270.0
2025,9,广州天马集团天马摩托车有限公司,25196.0
2025,9,广州大运摩托车有限公司,27206.0
2025,9,广州三雅摩托车有限公司,32625.0
2025,9,洛阳北方企业集团有限公司,15517.0
2025,9,广东星际机车科技有限公司,21597.0
2025,9,厦门厦杏摩托有限公司,20692.0
2025,9,重庆润通智能装备有限公司,32875.0
2025,9,浙江钱江摩托股份有限公司,21133.0
2025,9,重庆安第斯摩托车制造有限公司,14772.0
2025,9,重庆鑫源摩托车股份有限公司,20259.0
2025,9,珠海珠江车业有限公司,16197.0
2025,9,鹤山国机南联摩托车工业有限公司,24464.0
2025,9,五羊-本田摩托（广州）有限公司,8985.0
2025,9,长铃集团长春摩托车工业有限公司,14939.0
2025,9,浙江春风动力股份有限公司,10463.0
2025,9,江门市长华集团有限公司,8654.0
2025,9,重庆嘉陵工业有限公司,6637.0
2025,9,台州市王野机车有限责任公司,17018.0
2025,9,重庆建设机电有限责任公司,8543.0
2025,9,常州光阳摩托车有限公司,5390.0
2025,9,江苏众星摩托有限公司,7295.0
2025,9,江门市迪豪摩托车有限公司,6680.0
2025,9,浙江华洋赛车股份有限公司,6861.0
2025,9,重庆望江摩托车制造有限公司,12060.0
2025,9,重庆银钢科技(集团)有限公司,5623.0
2025,9,宁波市龙嘉摩托车有限公司,9258.0
2025,9,增城市东阳摩托车实业有限公司,8604.0
2025,9,浙江嘉爵摩托车制造有限公司,6021.0
2025,9,济南大隆机车工业有限公司,3385.0
2025,9,广州福羊科技有限公司,3841.0
2025,9,江门市华龙摩托车有限公司,2674.0
2025,9,重庆劲扬摩托车工业有限公司,6885.0
2025,9,三友控股集团银友摩托车有限公司,6019.0
2025,9,济南轻骑摩托车有限公司,2464.0
2025,9,宁波市龙嘉动力科技有限公司,4041.0
2025,9,江苏林海动力机械集团有限公司,4094.0
2025,9,浙江天本车业有限公司,3038.0
2025,9,重庆光宇摩托车制造有限公司,2721.0
2025,9,浙江森铃摩托车有限公司,3949.0
2025,9,重庆新感觉摩托车有限公司,2641.0
2025,9,西藏新珠峰摩托车有限公司,1800.0
2025,9,杭州土星动力科技有限公司,1515.0
2025,9,浙江吉铭实业有限公司,2746.0
2025,9,重庆万虎机电有限责任公司,1558.0
2025,9,金城集团有限公司,2310.0
2025,9,福建省晋江市三力机车有限公司,381.0
2025,9,广州番禺豪剑摩托车工业有限公司,918.0
2025,9,康超集团广州摩托车制造有限公司,0.0
2025,9,济南轻骑铃木摩托车有限公司,600.0
2025,9,金翌车业有限公司,465.0
2025,9,浙江日雅摩托车有限公司,143.0
2025,9,江苏林芝山阳集团有限公司,240.0
2025,9,立峰集团有限公司,326.0
2025,9,慈溪金轮机车制造有限公司,0.0
2025,9,宁波东方凌云车辆制造有限公司,0.0
2025,10,江门市大长江集团有限公司,166842.0
2025,10,重庆隆鑫机车有限公司,98157.0
2025,10,广东大冶摩托车技术有限公司,67941.0
2025,10,广州豪进摩托车股份有限公司,76799.0
2025,10,宗申产业集团有限公司,49242.0
2025,10,重庆银翔摩托车集团有限公司,55074.0
2025,10,新大洲本田摩托(苏州)有限公司,35273.0
2025,10,江门市珠峰摩托车有限公司,35904.0
2025,10,重庆千里科技股份有限公司,35452.0
2025,10,重庆航天巴山摩托车制造有限公司,27299.0
2025,10,广州天马集团天马摩托车有限公司,27243.0
2025,10,广州大运摩托车有限公司,27186.0
2025,10,广州三雅摩托车有限公司,24569.0
2025,10,广东星际机车科技有限公司,23883.0
2025,10,重庆润通智能装备有限公司,25596.0
2025,10,洛阳北方企业集团有限公司,15517.0
2025,10,厦门厦杏摩托有限公司,16840.0
2025,10,浙江钱江摩托股份有限公司,18399.0
2025,10,重庆鑫源摩托车股份有限公司,16716.0
2025,10,重庆安第斯摩托车制造有限公司,14211.0
2025,10,珠海珠江车业有限公司,13310.0
2025,10,鹤山国机南联摩托车工业有限公司,6325.0
2025,10,长铃集团长春摩托车工业有限公司,10380.0
2025,10,五羊-本田摩托（广州）有限公司,6179.0
2025,10,浙江春风动力股份有限公司,10755.0
2025,10,江门市长华集团有限公司,8714.0
2025,10,台州市王野机车有限责任公司,13738.0
2025,10,重庆建设机电有限责任公司,10674.0
2025,10,重庆嘉陵工业有限公司,4357.0
2025,10,江苏众星摩托有限公司,7446.0
2025,10,常州光阳摩托车有限公司,4356.0
2025,10,江门市迪豪摩托车有限公司,3984.0
2025,10,重庆望江摩托车制造有限公司,4616.0
2025,10,重庆银钢科技(集团)有限公司,7378.0
2025,10,浙江华洋赛车股份有限公司,2323.0
2025,10,宁波市龙嘉摩托车有限公司,4442.0
2025,10,增城市东阳摩托车实业有限公司,5237.0
2025,10,浙江嘉爵摩托车制造有限公司,5618.0
2025,10,济南大隆机车工业有限公司,2796.0
2025,10,济南轻骑摩托车有限公司,13526.0
2025,10,江门市华龙摩托车有限公司,5277.0
2025,10,重庆劲扬摩托车工业有限公司,4866.0
2025,10,广州福羊科技有限公司,1631.0
2025,10,三友控股集团银友摩托车有限公司,5526.0
2025,10,宁波市龙嘉动力科技有限公司,2815.0
2025,10,浙江天本车业有限公司,3380.0
2025,10,江苏林海动力机械集团有限公司,3244.0
2025,10,重庆光宇摩托车制造有限公司,3679.0
2025,10,浙江森铃摩托车有限公司,3940.0
2025,10,重庆新感觉摩托车有限公司,3807.0
2025,10,西藏新珠峰摩托车有限公司,1600.0
2025,10,杭州土星动力科技有限公司,1426.0
2025,10,浙江吉铭实业有限公司,1363.0
2025,10,重庆万虎机电有限责任公司,848.0
2025,10,金城集团有限公司,1416.0
2025,10,福建省晋江市三力机车有限公司,0.0
2025,10,广州番禺豪剑摩托车工业有限公司,918.0
2025,10,康超集团广州摩托车制造有限公司,409.0
2025,10,济南轻骑铃木摩托车有限公司,360.0
2025,10,金翌车业有限公司,0.0
2025,10,浙江日雅摩托车有限公司,0.0
2025,10,江苏林芝山阳集团有限公司,105.0
2025,10,立峰集团有限公司,77.0
2025,10,慈溪金轮机车制造有限公司,50.0
2025,10,广州五羊摩托有限公司,0.0
2025,10,宁波东方凌云车辆制造有限公司,0.0
2025,11,江门市大长江集团有限公司,155261.0
2025,11,重庆隆鑫机车有限公司,92832.0
2025,11,广东大冶摩托车技术有限公司,82196.0
2025,11,广州豪进摩托车股份有限公司,58185.0
2025,11,宗申产业集团有限公司,57447.0
2025,11,重庆银翔摩托车集团有限公司,68927.0
2025,11,新大洲本田摩托(苏州)有限公司,4599.0
2025,11,江门市珠峰摩托车有限公司,35663.0
2025,11,重庆千里科技股份有限公司,41185.0
2025,11,重庆航天巴山摩托车制造有限公司,38417.0
2025,11,广州大运摩托车有限公司,27005.0
2025,11,广州天马集团天马摩托车有限公司,22915.0
2025,11,广州三雅摩托车有限公司,19384.0
2025,11,重庆润通智能装备有限公司,21762.0
2025,11,广东星际机车科技有限公司,20505.0
2025,11,厦门厦杏摩托有限公司,19304.0
2025,11,洛阳北方企业集团有限公司,16157.0
2025,11,浙江钱江摩托股份有限公司,24949.0
2025,11,重庆鑫源摩托车股份有限公司,22911.0
2025,11,重庆安第斯摩托车制造有限公司,14052.0
2025,11,珠海珠江车业有限公司,9514.0
2025,11,鹤山国机南联摩托车工业有限公司,13502.0
2025,11,长铃集团长春摩托车工业有限公司,13453.0
2025,11,五羊-本田摩托（广州）有限公司,14194.0
2025,11,浙江春风动力股份有限公司,16497.0
2025,11,江门市长华集团有限公司,11660.0
2025,11,台州市王野机车有限责任公司,13404.0
2025,11,重庆建设机电有限责任公司,15222.0
2025,11,重庆嘉陵工业有限公司,4057.0
2025,11,江苏众星摩托有限公司,8047.0
2025,11,常州光阳摩托车有限公司,5813.0
2025,11,重庆望江摩托车制造有限公司,11201.0
2025,11,江门市迪豪摩托车有限公司,6256.0
2025,11,重庆银钢科技(集团)有限公司,7367.0
2025,11,浙江华洋赛车股份有限公司,3084.0
2025,11,增城市东阳摩托车实业有限公司,7924.0
2025,11,宁波市龙嘉摩托车有限公司,4968.0
2025,11,浙江嘉爵摩托车制造有限公司,5969.0
2025,11,济南大隆机车工业有限公司,3836.0
2025,11,济南轻骑摩托车有限公司,4792.0
2025,11,重庆劲扬摩托车工业有限公司,6399.0
2025,11,江门市华龙摩托车有限公司,2176.0
2025,11,广州福羊科技有限公司,2870.0
2025,11,浙江三友车业科技有限公司,3626.0
2025,11,宁波市龙嘉动力科技有限公司,2644.0
2025,11,浙江天本车业有限公司,3315.0
2025,11,重庆光宇摩托车制造有限公司,2307.0
2025,11,江苏林海动力机械集团有限公司,1500.0
2025,11,浙江森铃摩托车有限公司,1965.0
2025,11,重庆新感觉摩托车有限公司,1950.0
2025,11,西藏新珠峰摩托车有限公司,1345.0
2025,11,杭州土星动力科技有限公司,2436.0
2025,11,浙江吉铭实业有限公司,1167.0
2025,11,重庆万虎机电有限责任公司,945.0
2025,11,金城集团有限公司,1383.0
2025,11,福建省晋江市三力机车有限公司,1221.0
2025,11,广州番禺豪剑摩托车工业有限公司,1224.0
2025,11,康超集团广州摩托车制造有限公司,222.0
2025,11,济南轻骑铃木摩托车有限公司,410.0
2025,11,金翌车业有限公司,0.0
2025,11,浙江日雅摩托车有限公司,0.0
2025,11,江苏林芝山阳集团有限公司,130.0
2025,11,立峰集团有限公司,55.0
2025,11,慈溪金轮机车制造有限公司,0.0
2025,11,广州五羊摩托有限公司,0.0
2025,11,宁波东方凌云车辆制造有限公司,0.0
2025,12,江门市大长江集团有限公司,153633.0
2025,12,重庆隆鑫机车有限公司,129772.0
2025,12,广东大冶摩托车技术有限公司,98843.0
2025,12,重庆银翔摩托车集团有限公司,90700.0
2025,12,广州豪进摩托车股份有限公司,56180.0
2025,12,宗申产业集团有限公司,59223.0
2025,12,新大洲本田摩托(苏州)有限公司,63867.0
2025,12,江门市珠峰摩托车有限公司,45175.0
2025,12,重庆千里科技股份有限公司,37873.0
2025,12,重庆航天巴山摩托车制造有限公司,32683.0
2025,12,广州天马集团天马摩托车有限公司,33890.0
2025,12,广州三雅摩托车有限公司,40066.0
2025,12,广州大运摩托车有限公司,26006.0
2025,12,广东星际机车科技有限公司,23868.0
2025,12,重庆润通智能装备有限公司,17192.0
2025,12,厦门厦杏摩托有限公司,18560.0
2025,12,洛阳北方企业集团有限公司,15141.0
2025,12,浙江钱江摩托股份有限公司,19502.0
2025,12,重庆鑫源摩托车股份有限公司,24415.0
2025,12,重庆安第斯摩托车制造有限公司,12464.0
2025,12,珠海珠江车业有限公司,15298.0
2025,12,鹤山国机南联摩托车工业有限公司,19877.0
2025,12,长铃集团长春摩托车工业有限公司,11896.0
2025,12,五羊-本田摩托（广州）有限公司,7969.0
2025,12,浙江春风动力股份有限公司,13957.0
2025,12,江门市长华集团有限公司,12171.0
2025,12,台州市王野机车有限责任公司,15069.0
2025,12,重庆建设机电有限责任公司,11886.0
2025,12,重庆嘉陵工业有限公司,8215.0
2025,12,江苏众星摩托有限公司,8994.0
2025,12,重庆望江摩托车制造有限公司,9550.0
2025,12,常州光阳摩托车有限公司,3690.0
2025,12,重庆银钢科技(集团)有限公司,9644.0
2025,12,江门市迪豪摩托车有限公司,2397.0
2025,12,增城市东阳摩托车实业有限公司,7513.0
2025,12,浙江华洋赛车股份有限公司,2750.0
2025,12,宁波市龙嘉摩托车有限公司,7906.0
2025,12,浙江嘉爵摩托车制造有限公司,6149.0
2025,12,济南轻骑摩托车有限公司,8713.0
2025,12,江门市华龙摩托车有限公司,10474.0
2025,12,重庆劲扬摩托车工业有限公司,5451.0
2025,12,济南大隆机车工业有限公司,2845.0
2025,12,浙江三友车业科技有限公司,3684.0
2025,12,广州福羊科技有限公司,1720.0
2025,12,宁波市龙嘉动力科技有限公司,3070.0
2025,12,浙江天本车业有限公司,2786.0
2025,12,重庆光宇摩托车制造有限公司,3330.0
2025,12,浙江森铃摩托车有限公司,3853.0
2025,12,江苏林海动力机械集团有限公司,1682.0
2025,12,重庆新感觉摩托车有限公司,856.0
2025,12,杭州土星动力科技有限公司,2406.0
2025,12,西藏新珠峰摩托车有限公司,1700.0
2025,12,重庆万虎机电有限责任公司,4785.0
2025,12,浙江吉铭实业有限公司,511.0
2025,12,金城集团有限公司,1755.0
2025,12,福建省晋江市三力机车有限公司,857.0
2025,12,广州番禺豪剑摩托车工业有限公司,1224.0
2025,12,康超集团广州摩托车制造有限公司,1032.0
2025,12,济南轻骑铃木摩托车有限公司,120.0
2025,12,金翌车业有限公司,459.0
2025,12,浙江日雅摩托车有限公司,441.0
2025,12,江苏林芝山阳集团有限公司,240.0
2025,12,广州五羊摩托有限公司,96.0
2025,12,慈溪金轮机车制造有限公司,0.0
2025,12,立峰集团有限公司,0.0
2025,12,宁波东方凌云车辆制造有限公司,0.0
2026,1,江门市大长江集团有限公司,206035.0
2026,1,重庆银翔摩托车集团有限公司,104805.0
2026,1,重庆隆鑫机车有限公司,96362.0
2026,1,广东大冶摩托车技术有限公司,90069.0
2026,1,宗申产业集团有限公司,64639.0
2026,1,江门市珠峰摩托车有限公司,55547.0
2026,1,广州豪进摩托车股份有限公司,54548.0
2026,1,新大洲本田摩托(苏州)有限公司,43748.0
2026,1,广州天马集团天马摩托车有限公司,43473.0
2026,1,重庆航天巴山摩托车制造有限公司,39877.0
2026,1,重庆千里科技股份有限公司,33524.0
2026,1,厦门厦杏摩托有限公司,27779.0
2026,1,广州大运摩托车有限公司,27047.0
2026,1,广东星际机车科技有限公司,26560.0
2026,1,浙江钱江摩托股份有限公司,26252.0
2026,1,重庆鑫源摩托车股份有限公司,26062.0
2026,1,重庆嘉陵工业有限公司,25290.0
2026,1,洛阳北方企业集团有限公司,23780.0
2026,1,广州三雅摩托车有限公司,20770.0
2026,1,珠海珠江车业有限公司,20586.0
2026,1,鹤山国机南联摩托车工业有限公司,18382.0
2026,1,重庆润通智能装备有限公司,18035.0
2026,1,重庆安第斯摩托车制造有限公司,16849.0
2026,1,长铃集团长春摩托车工业有限公司,15563.0
2026,1,台州市王野机车有限责任公司,15325.0
2026,1,五羊-本田摩托（广州）有限公司,14289.0
2026,1,浙江春风动力股份有限公司,13570.0
2026,1,浙江涛涛车业股份有限公司,11727.0
2026,1,浙江嘉爵摩托车制造有限公司,10870.0
2026,1,重庆建设机电有限责任公司,9513.0
2026,1,江苏众星摩托有限公司,9248.0
2026,1,江门市长华集团有限公司,9099.0
2026,1,江门市迪豪摩托车有限公司,8924.0
2026,1,常州光阳摩托车有限公司,8700.0
2026,1,重庆望江摩托车制造有限公司,7874.0
2026,1,浙江三友车业科技有限公司,6963.0
2026,1,宁波市龙嘉摩托车有限公司,6900.0
2026,1,重庆劲扬摩托车工业有限公司,6465.0
2026,1,重庆银钢科技(集团)有限公司,6417.0
2026,1,增城市东阳摩托车实业有限公司,5223.0
2026,1,重庆新感觉摩托车有限公司,5125.0
2026,1,广州福羊科技有限公司,4906.0
2026,1,重庆光宇摩托车制造有限公司,4755.0
2026,1,浙江天本车业有限公司,3466.0
2026,1,济南大隆机车工业有限公司,3352.0
2026,1,浙江华洋赛车股份有限公司,2795.0
2026,1,浙江森铃摩托车有限公司,2603.0
2026,1,江门市华龙摩托车有限公司,2388.0
2026,1,宁波市龙嘉动力科技有限公司,2375.0
2026,1,济南轻骑摩托车有限公司,2365.0
2026,1,杭州土星动力科技有限公司,1728.0
2026,1,江苏林海动力机械集团有限公司,1680.0
2026,1,福建省晋江市三力机车有限公司,1322.0
2026,1,济南轻骑铃木摩托车有限公司,1281.0
2026,1,金翌车业有限公司,1230.0
2026,1,西藏新珠峰摩托车有限公司,1155.0
2026,1,浙江吉铭实业有限公司,1082.0
2026,1,广州番禺豪剑摩托车工业有限公司,1014.0
2026,1,金城集团有限公司,723.0
2026,1,重庆万虎机电有限责任公司,401.0
2026,1,浙江日雅摩托车有限公司,304.0
2026,1,康超集团广州摩托车制造有限公司,128.0
2026,1,慈溪金轮机车制造有限公司,85.0
2026,1,立峰集团有限公司,55.0
2026,1,江苏林芝山阳集团有限公司,19.0
2026,2,江门市大长江集团有限公司,110594.0
2026,2,重庆银翔摩托车集团有限公司,101027.0
2026,2,重庆隆鑫机车有限公司,95226.0
2026,2,广东大冶摩托车技术有限公司,77283.0
2026,2,宗申产业集团有限公司,53910.0
2026,2,广州豪进摩托车股份有限公司,52512.0
2026,2,新大洲本田摩托(苏州)有限公司,54345.0
2026,2,江门市珠峰摩托车有限公司,14037.0
2026,2,重庆千里科技股份有限公司,32163.0
2026,2,广州天马集团天马摩托车有限公司,15627.0
2026,2,重庆航天巴山摩托车制造有限公司,18641.0
2026,2,广州大运摩托车有限公司,24037.0
2026,2,厦门厦杏摩托有限公司,22022.0
2026,2,重庆鑫源摩托车股份有限公司,21396.0
2026,2,重庆嘉陵工业有限公司,16365.0
2026,2,洛阳北方企业集团有限公司,17675.0
2026,2,广东星际机车科技有限公司,13047.0
2026,2,重庆润通智能装备有限公司,20110.0
2026,2,浙江钱江摩托股份有限公司,11448.0
2026,2,广州三雅摩托车有限公司,15925.0
2026,2,鹤山国机南联摩托车工业有限公司,15862.0
2026,2,珠海珠江车业有限公司,7281.0
2026,2,五羊-本田摩托（广州）有限公司,12149.0
2026,2,浙江春风动力股份有限公司,12131.0
2026,2,长铃集团长春摩托车工业有限公司,8103.0
2026,2,重庆安第斯摩托车制造有限公司,6259.0
2026,2,重庆建设机电有限责任公司,10679.0
2026,2,浙江嘉爵摩托车制造有限公司,8229.0
2026,2,台州市王野机车有限责任公司,3460.0
2026,2,浙江涛涛车业股份有限公司,5889.0
2026,2,常州光阳摩托车有限公司,7055.0
2026,2,江苏众星摩托有限公司,6037.0
2026,2,江门市长华集团有限公司,5981.0
2026,2,江门市迪豪摩托车有限公司,5356.0
2026,2,重庆银钢科技(集团)有限公司,4837.0
2026,2,重庆劲扬摩托车工业有限公司,4702.0
2026,2,浙江三友车业科技有限公司,4102.0
2026,2,宁波市龙嘉摩托车有限公司,3281.0
2026,2,广州福羊科技有限公司,4911.0
2026,2,重庆望江摩托车制造有限公司,1487.0
2026,2,济南轻骑摩托车有限公司,4105.0
2026,2,浙江森铃摩托车有限公司,5478.0
2026,2,浙江华洋赛车股份有限公司,5097.0
2026,2,重庆新感觉摩托车有限公司,1624.0
2026,2,济南大隆机车工业有限公司,3297.0
2026,2,重庆光宇摩托车制造有限公司,1690.0
2026,2,增城市东阳摩托车实业有限公司,0.0
2026,2,江苏林海动力机械集团有限公司,3224.0
2026,2,宁波市龙嘉动力科技有限公司,2528.0
2026,2,浙江天本车业有限公司,1371.0
2026,2,江门市华龙摩托车有限公司,1537.0
2026,2,杭州土星动力科技有限公司,1424.0
2026,2,浙江吉铭实业有限公司,1507.0
2026,2,西藏新珠峰摩托车有限公司,1235.0
2026,2,重庆万虎机电有限责任公司,1754.0
2026,2,福建省晋江市三力机车有限公司,762.0
2026,2,济南轻骑铃木摩托车有限公司,410.0
2026,2,广州番禺豪剑摩托车工业有限公司,384.0
2026,2,金翌车业有限公司,75.0
2026,2,金城集团有限公司,99.0
2026,2,浙江日雅摩托车有限公司,1.0
2026,2,江苏林芝山阳集团有限公司,282.0
2026,2,康超集团广州摩托车制造有限公司,0.0
2026,2,慈溪金轮机车制造有限公司,0.0
2026,2,立峰集团有限公司,0.0
2026,3,江门市大长江集团有限公司,178211.0
2026,3,重庆银翔摩托车集团有限公司,113991.0
2026,3,重庆隆鑫机车有限公司,115842.0
2026,3,广东大冶摩托车技术有限公司,87473.0
2026,3,宗申产业集团有限公司,66225.0
2026,3,广州豪进摩托车股份有限公司,70474.0
2026,3,新大洲本田摩托(苏州)有限公司,31562.0
2026,3,重庆千里科技股份有限公司,36746.0
2026,3,江门市珠峰摩托车有限公司,24143.0
2026,3,广州天马集团天马摩托车有限公司,32015.0
2026,3,重庆航天巴山摩托车制造有限公司,25142.0
2026,3,广州大运摩托车有限公司,28040.0
2026,3,重庆鑫源摩托车股份有限公司,28661.0
2026,3,厦门厦杏摩托有限公司,26287.0
2026,3,重庆润通智能装备有限公司,30028.0
2026,3,洛阳北方企业集团有限公司,23760.0
2026,3,*洛阳北方易初摩托车有限公司,20572.0
2026,3,广州三雅摩托车有限公司,21625.0
2026,3,广东星际机车科技有限公司,16407.0
2026,3,重庆嘉陵工业有限公司,11044.0
2026,3,浙江钱江摩托股份有限公司,14890.0
2026,3,鹤山国机南联摩托车工业有限公司,14704.0
2026,3,长铃集团长春摩托车工业有限公司,16063.0
2026,3,五羊-本田摩托（广州）有限公司,13238.0
2026,3,浙江春风动力股份有限公司,13895.0
2026,3,珠海珠江车业有限公司,11109.0
2026,3,重庆安第斯摩托车制造有限公司,9679.0
2026,3,重庆建设机电有限责任公司,9700.0
2026,3,常州光阳摩托车有限公司,8344.0
2026,3,江苏众星摩托有限公司,8610.0
2026,3,浙江涛涛车业股份有限公司,4532.0
2026,3,浙江嘉爵摩托车制造有限公司,2147.0
2026,3,台州市王野机车有限责任公司,1388.0
2026,3,江门市迪豪摩托车有限公司,3735.0
2026,3,重庆劲扬摩托车工业有限公司,6589.0
2026,3,江门市长华集团有限公司,2552.0
2026,3,重庆望江摩托车制造有限公司,7515.0
2026,3,重庆银钢科技(集团)有限公司,4876.0
2026,3,济南大隆机车工业有限公司,8496.0
2026,3,宁波市龙嘉摩托车有限公司,4354.0
2026,3,济南轻骑摩托车有限公司,5200.0
2026,3,增城市东阳摩托车实业有限公司,7168.0
2026,3,浙江三友车业科技有限公司,2793.0
2026,3,浙江华洋赛车股份有限公司,5623.0
2026,3,广州福羊科技有限公司,2123.0
2026,3,浙江森铃摩托车有限公司,1971.0
2026,3,重庆新感觉摩托车有限公司,2405.0
2026,3,重庆光宇摩托车制造有限公司,1872.0
2026,3,浙江天本车业有限公司,3303.0
2026,3,江苏林海动力机械集团有限公司,3000.0
2026,3,宁波市龙嘉动力科技有限公司,2106.0
2026,3,重庆万虎机电有限责任公司,2898.0
2026,3,江门市华龙摩托车有限公司,976.0
2026,3,西藏新珠峰摩托车有限公司,1760.0
2026,3,杭州土星动力科技有限公司,938.0
2026,3,济南轻骑铃木摩托车有限公司,1944.0
2026,3,浙江吉铭实业有限公司,496.0
2026,3,福建省晋江市三力机车有限公司,722.0
2026,3,广州番禺豪剑摩托车工业有限公司,1014.0
2026,3,金城集团有限公司,502.0
2026,3,金翌车业有限公司,0.0
2026,3,浙江日雅摩托车有限公司,0.0
2026,3,康超集团广州摩托车制造有限公司,334.0
2026,3,江苏林芝山阳集团有限公司,40.0
2026,3,慈溪金轮机车制造有限公司,0.0
2026,3,立峰集团有限公司,0.0
2026,3,*浙江雷克机械工业有限公司,0.0
2026,4,江门市大长江集团有限公司,192795.0
2026,4,重庆银翔摩托车集团有限公司,113850.0
2026,4,重庆隆鑫机车有限公司,105382.0
2026,4,广东大冶摩托车技术有限公司,97049.0
2026,4,宗申产业集团有限公司,69413.0
2026,4,广州豪进摩托车股份有限公司,69340.0
2026,4,新大洲本田摩托(苏州)有限公司,54290.0
2026,4,江门市珠峰摩托车有限公司,68024.0
2026,4,重庆千里科技股份有限公司,36468.0
2026,4,广州天马集团天马摩托车有限公司,35059.0
2026,4,重庆航天巴山摩托车制造有限公司,41807.0
2026,4,重庆鑫源摩托车股份有限公司,39110.0
2026,4,广州大运摩托车有限公司,28504.0
2026,4,厦门厦杏摩托有限公司,28640.0
2026,4,重庆润通智能装备有限公司,31572.0
2026,4,洛阳北方企业集团有限公司,33353.0
2026,4,广州三雅摩托车有限公司,22416.0
2026,4,鹤山国机南联摩托车工业有限公司,30594.0
2026,4,广东星际机车科技有限公司,22751.0
2026,4,浙江钱江摩托股份有限公司,18006.0
2026,4,重庆嘉陵工业有限公司,12694.0
2026,4,珠海珠江车业有限公司,19625.0
2026,4,长铃集团长春摩托车工业有限公司,16301.0
2026,4,五羊-本田摩托（广州）有限公司,16036.0
2026,4,浙江春风动力股份有限公司,12071.0
2026,4,重庆安第斯摩托车制造有限公司,8043.0
2026,4,重庆建设机电有限责任公司,10598.0
2026,4,常州光阳摩托车有限公司,9337.0
2026,4,江苏众星摩托有限公司,8134.0
2026,4,浙江嘉爵摩托车制造有限公司,8157.0
2026,4,台州市王野机车有限责任公司,8755.0
2026,4,宁波市龙嘉摩托车有限公司,10708.0
2026,4,重庆劲扬摩托车工业有限公司,6941.0
2026,4,浙江涛涛车业股份有限公司,2546.0
2026,4,增城市东阳摩托车实业有限公司,9710.0
2026,4,重庆望江摩托车制造有限公司,5696.0
2026,4,重庆银钢科技(集团)有限公司,6098.0
2026,4,江门市长华集团有限公司,3832.0
2026,4,浙江华洋赛车股份有限公司,7369.0
2026,4,江门市迪豪摩托车有限公司,2354.0
2026,4,济南大隆机车工业有限公司,3360.0
2026,4,浙江三友车业科技有限公司,4606.0
2026,4,济南轻骑摩托车有限公司,3143.0
2026,4,浙江森铃摩托车有限公司,5026.0
2026,4,广州福羊科技有限公司,2701.0
2026,4,重庆新感觉摩托车有限公司,2919.0
2026,4,浙江天本车业有限公司,3533.0
2026,4,重庆光宇摩托车制造有限公司,2951.0
2026,4,江苏林海动力机械集团有限公司,3344.0
2026,4,宁波市龙嘉动力科技有限公司,3361.0
2026,4,重庆万虎机电有限责任公司,2004.0
2026,4,西藏新珠峰摩托车有限公司,2905.0
2026,4,杭州土星动力科技有限公司,1928.0
2026,4,济南轻骑铃木摩托车有限公司,1800.0
2026,4,浙江吉铭实业有限公司,1950.0
2026,4,江门市华龙摩托车有限公司,58.0
2026,4,广州番禺豪剑摩托车工业有限公司,1014.0
2026,4,福建省晋江市三力机车有限公司,407.0
2026,4,康超集团广州摩托车制造有限公司,1500.0
2026,4,金翌车业有限公司,75.0
2026,4,金城集团有限公司,37.0
2026,4,浙江日雅摩托车有限公司,275.0
2026,4,江苏林芝山阳集团有限公司,212.0
2026,4,慈溪金轮机车制造有限公司,0.0
2026,4,立峰集团有限公司,0.0
2026,5,江门市大长江集团有限公司,161443.0
2026,5,重庆隆鑫机车有限公司,115799.0
2026,5,重庆银翔摩托车集团有限公司,93305.0
2026,5,广东大冶摩托车技术有限公司,126081.0
2026,5,广州豪进摩托车股份有限公司,80643.0
2026,5,宗申产业集团有限公司,70062.0
2026,5,新大洲本田摩托(苏州)有限公司,51831.0
2026,5,江门市珠峰摩托车有限公司,56378.0
2026,5,重庆千里科技股份有限公司,41940.0
2026,5,重庆航天巴山摩托车制造有限公司,38984.0
2026,5,广州天马集团天马摩托车有限公司,27248.0
2026,5,重庆鑫源摩托车股份有限公司,34232.0
2026,5,广州大运摩托车有限公司,32006.0
2026,5,洛阳北方企业集团有限公司,30761.0
2026,5,厦门厦杏摩托有限公司,23461.0
2026,5,重庆润通智能装备有限公司,28314.0
2026,5,广东星际机车科技有限公司,28746.0
2026,5,广州三雅摩托车有限公司,25535.0
2026,5,鹤山国机南联摩托车工业有限公司,17752.0
2026,5,浙江钱江摩托股份有限公司,22124.0
2026,5,重庆嘉陵工业有限公司,13016.0
2026,5,珠海珠江车业有限公司,16804.0
2026,5,五羊-本田摩托（广州）有限公司,18180.0
2026,5,长铃集团长春摩托车工业有限公司,15546.0
2026,5,浙江春风动力股份有限公司,18812.0
2026,5,重庆安第斯摩托车制造有限公司,16074.0
2026,5,重庆建设机电有限责任公司,8805.0
2026,5,常州光阳摩托车有限公司,6944.0
2026,5,江苏众星摩托有限公司,7819.0
2026,5,台州市王野机车有限责任公司,4574.0
2026,5,浙江嘉爵摩托车制造有限公司,3746.0
2026,5,宁波市龙嘉摩托车有限公司,7298.0
2026,5,重庆劲扬摩托车工业有限公司,7704.0
2026,5,增城市东阳摩托车实业有限公司,8717.0
2026,5,重庆银钢科技(集团)有限公司,9341.0
2026,5,重庆望江摩托车制造有限公司,7011.0
2026,5,江门市长华集团有限公司,7199.0
2026,5,浙江涛涛车业股份有限公司,3883.0
2026,5,浙江华洋赛车股份有限公司,6142.0
2026,5,江门市迪豪摩托车有限公司,5666.0
2026,5,浙江三友车业科技有限公司,4679.0
2026,5,济南大隆机车工业有限公司,3816.0
2026,5,浙江森铃摩托车有限公司,6226.0
2026,5,济南轻骑摩托车有限公司,3722.0
2026,5,广州福羊科技有限公司,3239.0
2026,5,江苏林海动力机械集团有限公司,4588.0
2026,5,重庆新感觉摩托车有限公司,2041.0
2026,5,浙江天本车业有限公司,2231.0
2026,5,重庆光宇摩托车制造有限公司,2156.0
2026,5,宁波市龙嘉动力科技有限公司,2599.0
2026,5,西藏新珠峰摩托车有限公司,2915.0
2026,5,杭州土星动力科技有限公司,3348.0
2026,5,重庆万虎机电有限责任公司,1909.0
2026,5,江门市华龙摩托车有限公司,2034.0
2026,5,济南轻骑铃木摩托车有限公司,1202.0
2026,5,浙江吉铭实业有限公司,1411.0
2026,5,广州番禺豪剑摩托车工业有限公司,804.0
2026,5,福建省晋江市三力机车有限公司,508.0
2026,5,康超集团广州摩托车制造有限公司,247.0
2026,5,金城集团有限公司,576.0
2026,5,浙江日雅摩托车有限公司,304.0
2026,5,金翌车业有限公司,54.0
2026,5,江苏林芝山阳集团有限公司,226.0
2026,5,广州五羊摩托有限公司,226.0
2026,5,慈溪金轮机车制造有限公司,0.0
2026,5,立峰集团有限公司,29.0
2026,6,江门市大长江集团有限公司,206452.0
2026,6,重庆隆鑫机车有限公司,114025.0
2026,6,广东大冶摩托车技术有限公司,119471.0
2026,6,重庆银翔摩托车集团有限公司,70089.0
2026,6,广州豪进摩托车股份有限公司,87947.0
2026,6,宗申产业集团有限公司,71678.0
2026,6,新大洲本田摩托(苏州)有限公司,58658.0
2026,6,江门市珠峰摩托车有限公司,46117.0
2026,6,重庆千里科技股份有限公司,32469.0
2026,6,广州天马集团天马摩托车有限公司,36107.0
2026,6,重庆航天巴山摩托车制造有限公司,24335.0
2026,6,重庆鑫源摩托车股份有限公司,24231.0
2026,6,广州大运摩托车有限公司,33047.0
2026,6,重庆润通智能装备有限公司,38582.0
2026,6,洛阳北方企业集团有限公司,31359.0
2026,6,厦门厦杏摩托有限公司,25354.0
2026,6,广东星际机车科技有限公司,26216.0
2026,6,广州三雅摩托车有限公司,25465.0
2026,6,浙江钱江摩托股份有限公司,29389.0
2026,6,鹤山国机南联摩托车工业有限公司,21849.0
2026,6,五羊-本田摩托（广州）有限公司,15489.0
2026,6,长铃集团长春摩托车工业有限公司,16644.0
2026,6,浙江春风动力股份有限公司,17177.0
2026,6,珠海珠江车业有限公司,11777.0
2026,6,重庆嘉陵工业有限公司,6403.0
2026,6,重庆安第斯摩托车制造有限公司,24779.0
2026,6,重庆建设机电有限责任公司,8707.0
2026,6,常州光阳摩托车有限公司,8334.0
2026,6,江苏众星摩托有限公司,7438.0
2026,6,台州市王野机车有限责任公司,11822.0
2026,6,浙江嘉爵摩托车制造有限公司,9475.0
2026,6,增城市东阳摩托车实业有限公司,9470.0
2026,6,重庆劲扬摩托车工业有限公司,7880.0
2026,6,宁波市龙嘉摩托车有限公司,6738.0
2026,6,重庆银钢科技(集团)有限公司,6883.0
2026,6,江门市长华集团有限公司,9764.0
2026,6,浙江涛涛车业股份有限公司,6852.0
2026,6,浙江华洋赛车股份有限公司,5400.0
2026,6,江门市迪豪摩托车有限公司,5584.0
2026,6,重庆望江摩托车制造有限公司,1843.0
2026,6,浙江三友车业科技有限公司,6704.0
2026,6,浙江森铃摩托车有限公司,4478.0
2026,6,济南轻骑摩托车有限公司,4096.0
2026,6,济南大隆机车工业有限公司,2408.0
2026,6,广州福羊科技有限公司,3519.0
2026,6,江苏林海动力机械集团有限公司,4680.0
2026,6,浙江天本车业有限公司,3176.0
2026,6,宁波市龙嘉动力科技有限公司,3421.0
2026,6,重庆新感觉摩托车有限公司,1578.0
2026,6,重庆光宇摩托车制造有限公司,1904.0
2026,6,西藏新珠峰摩托车有限公司,3190.0
2026,6,杭州土星动力科技有限公司,3388.0
2026,6,重庆万虎机电有限责任公司,1325.0
2026,6,浙江吉铭实业有限公司,2157.0
2026,6,济南轻骑铃木摩托车有限公司,1320.0
2026,6,江门市华龙摩托车有限公司,0.0
2026,6,广州番禺豪剑摩托车工业有限公司,1014.0
2026,6,福建省晋江市三力机车有限公司,203.0
2026,6,金城集团有限公司,1140.0
2026,6,浙江日雅摩托车有限公司,1135.0
2026,6,康超集团广州摩托车制造有限公司,246.0
2026,6,金翌车业有限公司,0.0
2026,6,江苏林芝山阳集团有限公司,266.0
2026,6,广州五羊摩托有限公司,0.0
2026,6,慈溪金轮机车制造有限公司,0.0
2026,6,立峰集团有限公司,0.0
2026,7,江门市大长江集团有限公司,224348.0
2026,7,重庆隆鑫机车有限公司,116637.0
2026,7,广东大冶摩托车技术有限公司,111866.0
2026,7,重庆银翔摩托车集团有限公司,109405.0
2026,7,广州豪进摩托车股份有限公司,86103.0
2026,7,宗申产业集团有限公司,73353.0
2026,7,新大洲本田摩托(苏州)有限公司,60308.0
2026,7,江门市珠峰摩托车有限公司,43745.0
2026,7,重庆千里科技股份有限公司,35074.0
2026,7,广州天马集团天马摩托车有限公司,38626.0
2026,7,重庆航天巴山摩托车制造有限公司,31303.0
2026,7,广州大运摩托车有限公司,38511.0
2026,7,重庆鑫源摩托车股份有限公司,32322.0
2026,7,重庆润通智能装备有限公司,35990.0
2026,7,洛阳北方企业集团有限公司,25123.0
2026,7,厦门厦杏摩托有限公司,22681.0
2026,7,广东星际机车科技有限公司,27238.0
2026,7,广州三雅摩托车有限公司,20789.0
2026,7,浙江钱江摩托股份有限公司,21836.0
2026,7,鹤山国机南联摩托车工业有限公司,22945.0
2026,7,长铃集团长春摩托车工业有限公司,20665.0
2026,7,五羊-本田摩托（广州）有限公司,17873.0
2026,7,浙江春风动力股份有限公司,18959.0
2026,7,珠海珠江车业有限公司,13196.0
2026,7,重庆安第斯摩托车制造有限公司,15705.0
2026,7,重庆嘉陵工业有限公司,11093.0
2026,7,重庆建设机电有限责任公司,14160.0
2026,7,常州光阳摩托车有限公司,7801.0
2026,7,江苏众星摩托有限公司,7170.0
2026,7,台州市王野机车有限责任公司,6208.0
2026,7,重庆劲扬摩托车工业有限公司,8311.0
2026,7,增城市东阳摩托车实业有限公司,6755.0
2026,7,江门市长华集团有限公司,9808.0
2026,7,浙江嘉爵摩托车制造有限公司,3927.0
2026,7,宁波市龙嘉摩托车有限公司,3265.0
2026,7,重庆银钢科技(集团)有限公司,4085.0
2026,7,浙江涛涛车业股份有限公司,3011.0
2026,7,浙江华洋赛车股份有限公司,5988.0
2026,7,江门市迪豪摩托车有限公司,6402.0
2026,7,重庆望江摩托车制造有限公司,4826.0
2026,7,浙江三友车业科技有限公司,5184.0
2026,7,浙江森铃摩托车有限公司,5963.0
2026,7,济南轻骑摩托车有限公司,4865.0
2026,7,济南大隆机车工业有限公司,2116.0
2026,7,江苏林海动力机械集团有限公司,3360.0
2026,7,广州福羊科技有限公司,1301.0
2026,7,宁波市龙嘉动力科技有限公司,4435.0
2026,7,浙江天本车业有限公司,3225.0
2026,7,重庆新感觉摩托车有限公司,2643.0
2026,7,重庆光宇摩托车制造有限公司,2817.0
2026,7,西藏新珠峰摩托车有限公司,4760.0
2026,7,杭州土星动力科技有限公司,1853.0
2026,7,重庆万虎机电有限责任公司,2807.0
2026,7,济南轻骑铃木摩托车有限公司,1250.0
2026,7,浙江吉铭实业有限公司,562.0
2026,7,江门市华龙摩托车有限公司,383.0
2026,7,广州番禺豪剑摩托车工业有限公司,1014.0
2026,7,福建省晋江市三力机车有限公司,371.0
2026,7,浙江日雅摩托车有限公司,1468.0
2026,7,康超集团广州摩托车制造有限公司,1432.0
2026,7,金城集团有限公司,358.0
2026,7,金翌车业有限公司,0.0
2026,7,江苏林芝山阳集团有限公司,0.0
2026,7,广州五羊摩托有限公司,0.0
2026,7,慈溪金轮机车制造有限公司,30.0
2026,7,立峰集团有限公司,0.0
