year,month,indicator,scope,category,type,value
2023,9,生产,总计,总计,汇总,1710487.0
2023,9,生产,二轮,跨骑式,车型,664592.0
2023,9,生产,二轮,弯梁式,车型,130345.0
2023,9,生产,二轮,踏板式,车型,695922.0
2023,9,生产,二轮,其它式,车型,0.0
2023,9,生产,二轮,排量≤50ml,排量,56583.0
2023,9,生产,二轮,50ml<排量≤60ml,排量,0.0
2023,9,生产,二轮,60ml<排量≤70ml,排量,3283.0
2023,9,生产,二轮,70ml<排量≤80ml,排量,495.0
2023,9,生产,二轮,80ml<排量≤90ml,排量,3803.0
2023,9,生产,二轮,90ml<排量≤100ml,排量,22212.0
2023,9,生产,二轮,100ml<排量≤110ml,排量,110668.0
2023,9,生产,二轮,110ml<排量≤125ml,排量,420541.0
2023,9,生产,二轮,125ml<排量≤150ml,排量,313773.0
2023,9,生产,二轮,150ml<排量≤200ml,排量,73728.0
2023,9,生产,二轮,200ml<排量≤250ml,排量,34392.0
2023,9,生产,二轮,250ml<排量≤400ml,排量,23910.0
2023,9,生产,二轮,400ml<排量≤500ml,排量,16204.0
2023,9,生产,二轮,500ml<排量≤800ml,排量,4193.0
2023,9,生产,二轮,排量>800ml,排量,52.0
2023,9,生产,二轮,电动摩托车,排量,407022.0
2023,9,生产,三轮,正三轮,车型,219571.0
2023,9,生产,三轮,边三轮,车型,57.0
2023,9,生产,二轮,排量≤50ml,排量,55.0
2023,9,生产,三轮,50ml<排量≤100ml,排量,0.0
2023,9,生产,三轮,100ml<排量≤150ml,排量,76451.0
2023,9,生产,三轮,150ml<排量≤250ml,排量,40708.0
2023,9,生产,二轮,250ml<排量≤400ml,排量,553.0
2023,9,生产,三轮,400ml<排量≤750ml,排量,427.0
2023,9,生产,三轮,排量>750ml,排量,44.0
2023,9,生产,二轮,电动摩托车,排量,101390.0
2023,9,销售,总计,总计,汇总,1711470.0
2023,9,销售,二轮,跨骑式,车型,674163.0
2023,9,销售,二轮,弯梁式,车型,127205.0
2023,9,销售,二轮,踏板式,车型,694372.0
2023,9,销售,二轮,其它式,车型,0.0
2023,9,销售,二轮,排量≤50ml,排量,54940.0
2023,9,销售,二轮,50ml<排量≤60ml,排量,0.0
2023,9,销售,二轮,60ml<排量≤70ml,排量,3073.0
2023,9,销售,二轮,70ml<排量≤80ml,排量,499.0
2023,9,销售,二轮,80ml<排量≤90ml,排量,3804.0
2023,9,销售,二轮,90ml<排量≤100ml,排量,24460.0
2023,9,销售,二轮,100ml<排量≤110ml,排量,111091.0
2023,9,销售,二轮,110ml<排量≤125ml,排量,432181.0
2023,9,销售,二轮,125ml<排量≤150ml,排量,313122.0
2023,9,销售,二轮,150ml<排量≤200ml,排量,75749.0
2023,9,销售,二轮,200ml<排量≤250ml,排量,37156.0
2023,9,销售,二轮,250ml<排量≤400ml,排量,28062.0
2023,9,销售,二轮,400ml<排量≤500ml,排量,17244.0
2023,9,销售,二轮,500ml<排量≤800ml,排量,4790.0
2023,9,销售,二轮,排量>800ml,排量,92.0
2023,9,销售,二轮,电动摩托车,排量,389477.0
2023,9,销售,三轮,正三轮,车型,215646.0
2023,9,销售,三轮,边三轮,车型,84.0
2023,9,销售,二轮,排量≤50ml,排量,55.0
2023,9,销售,三轮,50ml<排量≤100ml,排量,0.0
2023,9,销售,三轮,100ml<排量≤150ml,排量,76272.0
2023,9,销售,三轮,150ml<排量≤250ml,排量,38462.0
2023,9,销售,二轮,250ml<排量≤400ml,排量,401.0
2023,9,销售,三轮,400ml<排量≤750ml,排量,451.0
2023,9,销售,三轮,排量>750ml,排量,42.0
2023,9,销售,二轮,电动摩托车,排量,100047.0
2023,10,生产,总计,总计,汇总,1455336.0
2023,10,生产,二轮,跨骑式,车型,619659.0
2023,10,生产,二轮,弯梁式,车型,121330.0
2023,10,生产,二轮,踏板式,车型,493506.0
2023,10,生产,二轮,其它式,车型,0.0
2023,10,生产,二轮,排量≤50ml,排量,38959.0
2023,10,生产,二轮,50ml<排量≤60ml,排量,672.0
2023,10,生产,二轮,60ml<排量≤70ml,排量,3121.0
2023,10,生产,二轮,70ml<排量≤80ml,排量,540.0
2023,10,生产,二轮,80ml<排量≤90ml,排量,4187.0
2023,10,生产,二轮,90ml<排量≤100ml,排量,19898.0
2023,10,生产,二轮,100ml<排量≤110ml,排量,127823.0
2023,10,生产,二轮,110ml<排量≤125ml,排量,360815.0
2023,10,生产,二轮,125ml<排量≤150ml,排量,280700.0
2023,10,生产,二轮,150ml<排量≤200ml,排量,73973.0
2023,10,生产,二轮,200ml<排量≤250ml,排量,38264.0
2023,10,生产,二轮,250ml<排量≤400ml,排量,19171.0
2023,10,生产,二轮,400ml<排量≤500ml,排量,15942.0
2023,10,生产,二轮,500ml<排量≤800ml,排量,5531.0
2023,10,生产,二轮,排量>800ml,排量,5.0
2023,10,生产,二轮,电动摩托车,排量,244894.0
2023,10,生产,三轮,正三轮,车型,220717.0
2023,10,生产,三轮,边三轮,车型,124.0
2023,10,生产,二轮,排量≤50ml,排量,70.0
2023,10,生产,三轮,50ml<排量≤100ml,排量,0.0
2023,10,生产,三轮,100ml<排量≤150ml,排量,62157.0
2023,10,生产,三轮,150ml<排量≤250ml,排量,37677.0
2023,10,生产,二轮,250ml<排量≤400ml,排量,1025.0
2023,10,生产,三轮,400ml<排量≤750ml,排量,1144.0
2023,10,生产,三轮,排量>750ml,排量,139.0
2023,10,生产,二轮,电动摩托车,排量,118629.0
2023,10,销售,总计,总计,汇总,1475552.0
2023,10,销售,二轮,跨骑式,车型,628089.0
2023,10,销售,二轮,弯梁式,车型,124524.0
2023,10,销售,二轮,踏板式,车型,499440.0
2023,10,销售,二轮,其它式,车型,0.0
2023,10,销售,二轮,排量≤50ml,排量,42440.0
2023,10,销售,二轮,50ml<排量≤60ml,排量,689.0
2023,10,销售,二轮,60ml<排量≤70ml,排量,3320.0
2023,10,销售,二轮,70ml<排量≤80ml,排量,533.0
2023,10,销售,二轮,80ml<排量≤90ml,排量,4358.0
2023,10,销售,二轮,90ml<排量≤100ml,排量,19826.0
2023,10,销售,二轮,100ml<排量≤110ml,排量,133506.0
2023,10,销售,二轮,110ml<排量≤125ml,排量,373583.0
2023,10,销售,二轮,125ml<排量≤150ml,排量,290165.0
2023,10,销售,二轮,150ml<排量≤200ml,排量,73553.0
2023,10,销售,二轮,200ml<排量≤250ml,排量,37700.0
2023,10,销售,二轮,250ml<排量≤400ml,排量,21242.0
2023,10,销售,二轮,400ml<排量≤500ml,排量,15992.0
2023,10,销售,二轮,500ml<排量≤800ml,排量,5284.0
2023,10,销售,二轮,排量>800ml,排量,10.0
2023,10,销售,二轮,电动摩托车,排量,229852.0
2023,10,销售,三轮,正三轮,车型,223268.0
2023,10,销售,三轮,边三轮,车型,231.0
2023,10,销售,二轮,排量≤50ml,排量,70.0
2023,10,销售,三轮,50ml<排量≤100ml,排量,0.0
2023,10,销售,三轮,100ml<排量≤150ml,排量,63281.0
2023,10,销售,三轮,150ml<排量≤250ml,排量,38943.0
2023,10,销售,二轮,250ml<排量≤400ml,排量,1322.0
2023,10,销售,三轮,400ml<排量≤750ml,排量,1162.0
2023,10,销售,三轮,排量>750ml,排量,144.0
2023,10,销售,二轮,电动摩托车,排量,118577.0
2023,11,生产,总计,总计,汇总,1430501.0
2023,11,生产,二轮,跨骑式,车型,650746.0
2023,11,生产,二轮,弯梁式,车型,126834.0
2023,11,生产,二轮,踏板式,车型,434408.0
2023,11,生产,二轮,其它式,车型,0.0
2023,11,生产,二轮,排量≤50ml,排量,32658.0
2023,11,生产,二轮,50ml<排量≤60ml,排量,478.0
2023,11,生产,二轮,60ml<排量≤70ml,排量,2567.0
2023,11,生产,二轮,70ml<排量≤80ml,排量,592.0
2023,11,生产,二轮,80ml<排量≤90ml,排量,3550.0
2023,11,生产,二轮,90ml<排量≤100ml,排量,28079.0
2023,11,生产,二轮,100ml<排量≤110ml,排量,143590.0
2023,11,生产,二轮,110ml<排量≤125ml,排量,383679.0
2023,11,生产,二轮,125ml<排量≤150ml,排量,288593.0
2023,11,生产,二轮,150ml<排量≤200ml,排量,88332.0
2023,11,生产,二轮,200ml<排量≤250ml,排量,35459.0
2023,11,生产,二轮,250ml<排量≤400ml,排量,20310.0
2023,11,生产,二轮,400ml<排量≤500ml,排量,11608.0
2023,11,生产,二轮,500ml<排量≤800ml,排量,5957.0
2023,11,生产,二轮,排量>800ml,排量,54.0
2023,11,生产,二轮,电动摩托车,排量,166482.0
2023,11,生产,三轮,正三轮,车型,218356.0
2023,11,生产,三轮,边三轮,车型,157.0
2023,11,生产,二轮,排量≤50ml,排量,80.0
2023,11,生产,三轮,50ml<排量≤100ml,排量,0.0
2023,11,生产,三轮,100ml<排量≤150ml,排量,66922.0
2023,11,生产,三轮,150ml<排量≤250ml,排量,48767.0
2023,11,生产,二轮,250ml<排量≤400ml,排量,2343.0
2023,11,生产,三轮,400ml<排量≤750ml,排量,506.0
2023,11,生产,三轮,排量>750ml,排量,88.0
2023,11,生产,二轮,电动摩托车,排量,99807.0
2023,11,销售,总计,总计,汇总,1400857.0
2023,11,销售,二轮,跨骑式,车型,655248.0
2023,11,销售,二轮,弯梁式,车型,126157.0
2023,11,销售,二轮,踏板式,车型,404533.0
2023,11,销售,二轮,其它式,车型,0.0
2023,11,销售,二轮,排量≤50ml,排量,32373.0
2023,11,销售,二轮,50ml<排量≤60ml,排量,472.0
2023,11,销售,二轮,60ml<排量≤70ml,排量,2626.0
2023,11,销售,二轮,70ml<排量≤80ml,排量,596.0
2023,11,销售,二轮,80ml<排量≤90ml,排量,3552.0
2023,11,销售,二轮,90ml<排量≤100ml,排量,27741.0
2023,11,销售,二轮,100ml<排量≤110ml,排量,138812.0
2023,11,销售,二轮,110ml<排量≤125ml,排量,390589.0
2023,11,销售,二轮,125ml<排量≤150ml,排量,280022.0
2023,11,销售,二轮,150ml<排量≤200ml,排量,87697.0
2023,11,销售,二轮,200ml<排量≤250ml,排量,35950.0
2023,11,销售,二轮,250ml<排量≤400ml,排量,21629.0
2023,11,销售,二轮,400ml<排量≤500ml,排量,12922.0
2023,11,销售,二轮,500ml<排量≤800ml,排量,3979.0
2023,11,销售,二轮,排量>800ml,排量,8.0
2023,11,销售,二轮,电动摩托车,排量,146970.0
2023,11,销售,三轮,正三轮,车型,214778.0
2023,11,销售,三轮,边三轮,车型,141.0
2023,11,销售,二轮,排量≤50ml,排量,80.0
2023,11,销售,三轮,50ml<排量≤100ml,排量,0.0
2023,11,销售,三轮,100ml<排量≤150ml,排量,64925.0
2023,11,销售,三轮,150ml<排量≤250ml,排量,48455.0
2023,11,销售,二轮,250ml<排量≤400ml,排量,2354.0
2023,11,销售,三轮,400ml<排量≤750ml,排量,500.0
2023,11,销售,三轮,排量>750ml,排量,90.0
2023,11,销售,二轮,电动摩托车,排量,98515.0
2023,12,生产,总计,总计,汇总,1444298.0
2023,12,生产,二轮,跨骑式,车型,661598.0
2023,12,生产,二轮,弯梁式,车型,124149.0
2023,12,生产,二轮,踏板式,车型,459957.0
2023,12,生产,二轮,其它式,车型,0.0
2023,12,生产,二轮,排量≤50ml,排量,41825.0
2023,12,生产,二轮,50ml<排量≤60ml,排量,510.0
2023,12,生产,二轮,60ml<排量≤70ml,排量,3110.0
2023,12,生产,二轮,70ml<排量≤80ml,排量,612.0
2023,12,生产,二轮,80ml<排量≤90ml,排量,3136.0
2023,12,生产,二轮,90ml<排量≤100ml,排量,29038.0
2023,12,生产,二轮,100ml<排量≤110ml,排量,131293.0
2023,12,生产,二轮,110ml<排量≤125ml,排量,396190.0
2023,12,生产,二轮,125ml<排量≤150ml,排量,280906.0
2023,12,生产,二轮,150ml<排量≤200ml,排量,76412.0
2023,12,生产,二轮,200ml<排量≤250ml,排量,44051.0
2023,12,生产,二轮,250ml<排量≤400ml,排量,19092.0
2023,12,生产,二轮,400ml<排量≤500ml,排量,10904.0
2023,12,生产,二轮,500ml<排量≤800ml,排量,6907.0
2023,12,生产,二轮,排量>800ml,排量,108.0
2023,12,生产,二轮,电动摩托车,排量,201610.0
2023,12,生产,三轮,正三轮,车型,198516.0
2023,12,生产,三轮,边三轮,车型,78.0
2023,12,生产,二轮,排量≤50ml,排量,60.0
2023,12,生产,三轮,50ml<排量≤100ml,排量,0.0
2023,12,生产,三轮,100ml<排量≤150ml,排量,71310.0
2023,12,生产,三轮,150ml<排量≤250ml,排量,46062.0
2023,12,生产,二轮,250ml<排量≤400ml,排量,1144.0
2023,12,生产,三轮,400ml<排量≤750ml,排量,479.0
2023,12,生产,三轮,排量>750ml,排量,48.0
2023,12,生产,二轮,电动摩托车,排量,79491.0
2023,12,销售,总计,总计,汇总,1392083.0
2023,12,销售,二轮,跨骑式,车型,646600.0
2023,12,销售,二轮,弯梁式,车型,125558.0
2023,12,销售,二轮,踏板式,车型,424652.0
2023,12,销售,二轮,其它式,车型,0.0
2023,12,销售,二轮,排量≤50ml,排量,36762.0
2023,12,销售,二轮,50ml<排量≤60ml,排量,504.0
2023,12,销售,二轮,60ml<排量≤70ml,排量,3043.0
2023,12,销售,二轮,70ml<排量≤80ml,排量,607.0
2023,12,销售,二轮,80ml<排量≤90ml,排量,3139.0
2023,12,销售,二轮,90ml<排量≤100ml,排量,29134.0
2023,12,销售,二轮,100ml<排量≤110ml,排量,134325.0
2023,12,销售,二轮,110ml<排量≤125ml,排量,355398.0
2023,12,销售,二轮,125ml<排量≤150ml,排量,273168.0
2023,12,销售,二轮,150ml<排量≤200ml,排量,94123.0
2023,12,销售,二轮,200ml<排量≤250ml,排量,42751.0
2023,12,销售,二轮,250ml<排量≤400ml,排量,19565.0
2023,12,销售,二轮,400ml<排量≤500ml,排量,10149.0
2023,12,销售,二轮,500ml<排量≤800ml,排量,5932.0
2023,12,销售,二轮,排量>800ml,排量,72.0
2023,12,销售,二轮,电动摩托车,排量,188138.0
2023,12,销售,三轮,正三轮,车型,195237.0
2023,12,销售,三轮,边三轮,车型,36.0
2023,12,销售,二轮,排量≤50ml,排量,60.0
2023,12,销售,三轮,50ml<排量≤100ml,排量,0.0
2023,12,销售,三轮,100ml<排量≤150ml,排量,69406.0
2023,12,销售,三轮,150ml<排量≤250ml,排量,44887.0
2023,12,销售,二轮,250ml<排量≤400ml,排量,1174.0
2023,12,销售,三轮,400ml<排量≤750ml,排量,423.0
2023,12,销售,三轮,排量>750ml,排量,45.0
2023,12,销售,二轮,电动摩托车,排量,79278.0
2024,1,生产,总计,总计,汇总,1517373.0
2024,1,生产,二轮,跨骑式,车型,721474.0
2024,1,生产,二轮,弯梁式,车型,154197.0
2024,1,生产,二轮,踏板式,车型,455930.0
2024,1,生产,二轮,其它式,车型,0.0
2024,1,生产,二轮,排量≤50ml,排量,67651.0
2024,1,生产,二轮,50ml<排量≤60ml,排量,50.0
2024,1,生产,二轮,60ml<排量≤70ml,排量,3043.0
2024,1,生产,二轮,70ml<排量≤80ml,排量,216.0
2024,1,生产,二轮,80ml<排量≤90ml,排量,3928.0
2024,1,生产,二轮,90ml<排量≤100ml,排量,22722.0
2024,1,生产,二轮,100ml<排量≤110ml,排量,128763.0
2024,1,生产,二轮,110ml<排量≤125ml,排量,434933.0
2024,1,生产,二轮,125ml<排量≤150ml,排量,360452.0
2024,1,生产,二轮,150ml<排量≤200ml,排量,72571.0
2024,1,生产,二轮,200ml<排量≤250ml,排量,45623.0
2024,1,生产,二轮,250ml<排量≤400ml,排量,18709.0
2024,1,生产,二轮,400ml<排量≤500ml,排量,13341.0
2024,1,生产,二轮,500ml<排量≤800ml,排量,6809.0
2024,1,生产,二轮,排量>800ml,排量,395.0
2024,1,生产,二轮,电动摩托车,排量,152395.0
2024,1,生产,三轮,正三轮,车型,185675.0
2024,1,生产,三轮,边三轮,车型,97.0
2024,1,生产,二轮,排量≤50ml,排量,30.0
2024,1,生产,三轮,50ml<排量≤100ml,排量,0.0
2024,1,生产,三轮,100ml<排量≤150ml,排量,63266.0
2024,1,生产,三轮,150ml<排量≤250ml,排量,46423.0
2024,1,生产,二轮,250ml<排量≤400ml,排量,1111.0
2024,1,生产,三轮,400ml<排量≤750ml,排量,303.0
2024,1,生产,三轮,排量>750ml,排量,0.0
2024,1,生产,二轮,电动摩托车,排量,74639.0
2024,1,销售,总计,总计,汇总,1515554.0
2024,1,销售,二轮,跨骑式,车型,723617.0
2024,1,销售,二轮,弯梁式,车型,146578.0
2024,1,销售,二轮,踏板式,车型,458914.0
2024,1,销售,二轮,其它式,车型,0.0
2024,1,销售,二轮,排量≤50ml,排量,64474.0
2024,1,销售,二轮,50ml<排量≤60ml,排量,41.0
2024,1,销售,二轮,60ml<排量≤70ml,排量,2717.0
2024,1,销售,二轮,70ml<排量≤80ml,排量,212.0
2024,1,销售,二轮,80ml<排量≤90ml,排量,3810.0
2024,1,销售,二轮,90ml<排量≤100ml,排量,24362.0
2024,1,销售,二轮,100ml<排量≤110ml,排量,127788.0
2024,1,销售,二轮,110ml<排量≤125ml,排量,440927.0
2024,1,销售,二轮,125ml<排量≤150ml,排量,365233.0
2024,1,销售,二轮,150ml<排量≤200ml,排量,74404.0
2024,1,销售,二轮,200ml<排量≤250ml,排量,43358.0
2024,1,销售,二轮,250ml<排量≤400ml,排量,18489.0
2024,1,销售,二轮,400ml<排量≤500ml,排量,11615.0
2024,1,销售,二轮,500ml<排量≤800ml,排量,8361.0
2024,1,销售,二轮,排量>800ml,排量,110.0
2024,1,销售,二轮,电动摩托车,排量,143208.0
2024,1,销售,三轮,正三轮,车型,186300.0
2024,1,销售,三轮,边三轮,车型,145.0
2024,1,销售,二轮,排量≤50ml,排量,30.0
2024,1,销售,三轮,50ml<排量≤100ml,排量,0.0
2024,1,销售,三轮,100ml<排量≤150ml,排量,62225.0
2024,1,销售,三轮,150ml<排量≤250ml,排量,47142.0
2024,1,销售,二轮,250ml<排量≤400ml,排量,1101.0
2024,1,销售,三轮,400ml<排量≤750ml,排量,337.0
2024,1,销售,三轮,排量>750ml,排量,0.0
2024,1,销售,二轮,电动摩托车,排量,75610.0
2024,2,生产,总计,总计,汇总,871044.0
2024,2,生产,二轮,跨骑式,车型,432252.0
2024,2,生产,二轮,弯梁式,车型,88370.0
2024,2,生产,二轮,踏板式,车型,237071.0
2024,2,生产,二轮,其它式,车型,0.0
2024,2,生产,二轮,排量≤50ml,排量,24133.0
2024,2,生产,二轮,50ml<排量≤60ml,排量,80.0
2024,2,生产,二轮,60ml<排量≤70ml,排量,2022.0
2024,2,生产,二轮,70ml<排量≤80ml,排量,177.0
2024,2,生产,二轮,80ml<排量≤90ml,排量,3510.0
2024,2,生产,二轮,90ml<排量≤100ml,排量,20510.0
2024,2,生产,二轮,100ml<排量≤110ml,排量,77803.0
2024,2,生产,二轮,110ml<排量≤125ml,排量,252885.0
2024,2,生产,二轮,125ml<排量≤150ml,排量,185947.0
2024,2,生产,二轮,150ml<排量≤200ml,排量,60410.0
2024,2,生产,二轮,200ml<排量≤250ml,排量,32375.0
2024,2,生产,二轮,250ml<排量≤400ml,排量,7763.0
2024,2,生产,二轮,400ml<排量≤500ml,排量,6852.0
2024,2,生产,二轮,500ml<排量≤800ml,排量,2315.0
2024,2,生产,二轮,排量>800ml,排量,966.0
2024,2,生产,二轮,电动摩托车,排量,79945.0
2024,2,生产,三轮,正三轮,车型,113292.0
2024,2,生产,三轮,边三轮,车型,59.0
2024,2,生产,二轮,排量≤50ml,排量,20.0
2024,2,生产,三轮,50ml<排量≤100ml,排量,0.0
2024,2,生产,三轮,100ml<排量≤150ml,排量,40481.0
2024,2,生产,三轮,150ml<排量≤250ml,排量,27129.0
2024,2,生产,二轮,250ml<排量≤400ml,排量,1109.0
2024,2,生产,三轮,400ml<排量≤750ml,排量,322.0
2024,2,生产,三轮,排量>750ml,排量,0.0
2024,2,生产,二轮,电动摩托车,排量,44290.0
2024,2,销售,总计,总计,汇总,921342.0
2024,2,销售,二轮,跨骑式,车型,449406.0
2024,2,销售,二轮,弯梁式,车型,97824.0
2024,2,销售,二轮,踏板式,车型,257663.0
2024,2,销售,二轮,其它式,车型,0.0
2024,2,销售,二轮,排量≤50ml,排量,30725.0
2024,2,销售,二轮,50ml<排量≤60ml,排量,16.0
2024,2,销售,二轮,60ml<排量≤70ml,排量,1923.0
2024,2,销售,二轮,70ml<排量≤80ml,排量,173.0
2024,2,销售,二轮,80ml<排量≤90ml,排量,3586.0
2024,2,销售,二轮,90ml<排量≤100ml,排量,22403.0
2024,2,销售,二轮,100ml<排量≤110ml,排量,83371.0
2024,2,销售,二轮,110ml<排量≤125ml,排量,273834.0
2024,2,销售,二轮,125ml<排量≤150ml,排量,192805.0
2024,2,销售,二轮,150ml<排量≤200ml,排量,58951.0
2024,2,销售,二轮,200ml<排量≤250ml,排量,33802.0
2024,2,销售,二轮,250ml<排量≤400ml,排量,11466.0
2024,2,销售,二轮,400ml<排量≤500ml,排量,8777.0
2024,2,销售,二轮,500ml<排量≤800ml,排量,3239.0
2024,2,销售,二轮,排量>800ml,排量,1084.0
2024,2,销售,二轮,电动摩托车,排量,78738.0
2024,2,销售,三轮,正三轮,车型,116387.0
2024,2,销售,三轮,边三轮,车型,62.0
2024,2,销售,二轮,排量≤50ml,排量,20.0
2024,2,销售,三轮,50ml<排量≤100ml,排量,0.0
2024,2,销售,三轮,100ml<排量≤150ml,排量,41907.0
2024,2,销售,三轮,150ml<排量≤250ml,排量,28472.0
2024,2,销售,二轮,250ml<排量≤400ml,排量,1108.0
2024,2,销售,三轮,400ml<排量≤750ml,排量,325.0
2024,2,销售,三轮,排量>750ml,排量,0.0
2024,2,销售,二轮,电动摩托车,排量,44617.0
2024,3,生产,总计,总计,汇总,1726470.0
2024,3,生产,二轮,跨骑式,车型,812947.0
2024,3,生产,二轮,弯梁式,车型,137959.0
2024,3,生产,二轮,踏板式,车型,532393.0
2024,3,生产,二轮,其它式,车型,0.0
2024,3,生产,二轮,排量≤50ml,排量,54724.0
2024,3,生产,二轮,50ml<排量≤60ml,排量,270.0
2024,3,生产,二轮,60ml<排量≤70ml,排量,2761.0
2024,3,生产,二轮,70ml<排量≤80ml,排量,257.0
2024,3,生产,二轮,80ml<排量≤90ml,排量,3347.0
2024,3,生产,二轮,90ml<排量≤100ml,排量,25344.0
2024,3,生产,二轮,100ml<排量≤110ml,排量,133291.0
2024,3,生产,二轮,110ml<排量≤125ml,排量,447934.0
2024,3,生产,二轮,125ml<排量≤150ml,排量,387909.0
2024,3,生产,二轮,150ml<排量≤200ml,排量,90508.0
2024,3,生产,二轮,200ml<排量≤250ml,排量,54688.0
2024,3,生产,二轮,250ml<排量≤400ml,排量,27820.0
2024,3,生产,二轮,400ml<排量≤500ml,排量,21210.0
2024,3,生产,二轮,500ml<排量≤800ml,排量,6754.0
2024,3,生产,二轮,排量>800ml,排量,1221.0
2024,3,生产,二轮,电动摩托车,排量,225261.0
2024,3,生产,三轮,正三轮,车型,242912.0
2024,3,生产,三轮,边三轮,车型,259.0
2024,3,生产,二轮,排量≤50ml,排量,45.0
2024,3,生产,三轮,50ml<排量≤100ml,排量,0.0
2024,3,生产,三轮,100ml<排量≤150ml,排量,80595.0
2024,3,生产,三轮,150ml<排量≤250ml,排量,45062.0
2024,3,生产,二轮,250ml<排量≤400ml,排量,1342.0
2024,3,生产,三轮,400ml<排量≤750ml,排量,550.0
2024,3,生产,三轮,排量>750ml,排量,35.0
2024,3,生产,二轮,电动摩托车,排量,115542.0
2024,3,销售,总计,总计,汇总,1673028.0
2024,3,销售,二轮,跨骑式,车型,770920.0
2024,3,销售,二轮,弯梁式,车型,128366.0
2024,3,销售,二轮,踏板式,车型,530047.0
2024,3,销售,二轮,其它式,车型,0.0
2024,3,销售,二轮,排量≤50ml,排量,51051.0
2024,3,销售,二轮,50ml<排量≤60ml,排量,304.0
2024,3,销售,二轮,60ml<排量≤70ml,排量,2400.0
2024,3,销售,二轮,70ml<排量≤80ml,排量,260.0
2024,3,销售,二轮,80ml<排量≤90ml,排量,3149.0
2024,3,销售,二轮,90ml<排量≤100ml,排量,25958.0
2024,3,销售,二轮,100ml<排量≤110ml,排量,125607.0
2024,3,销售,二轮,110ml<排量≤125ml,排量,434668.0
2024,3,销售,二轮,125ml<排量≤150ml,排量,381043.0
2024,3,销售,二轮,150ml<排量≤200ml,排量,81974.0
2024,3,销售,二轮,200ml<排量≤250ml,排量,50683.0
2024,3,销售,二轮,250ml<排量≤400ml,排量,23718.0
2024,3,销售,二轮,400ml<排量≤500ml,排量,20124.0
2024,3,销售,二轮,500ml<排量≤800ml,排量,7488.0
2024,3,销售,二轮,排量>800ml,排量,984.0
2024,3,销售,二轮,电动摩托车,排量,219922.0
2024,3,销售,三轮,正三轮,车型,243506.0
2024,3,销售,三轮,边三轮,车型,189.0
2024,3,销售,二轮,排量≤50ml,排量,45.0
2024,3,销售,三轮,50ml<排量≤100ml,排量,0.0
2024,3,销售,三轮,100ml<排量≤150ml,排量,80631.0
2024,3,销售,三轮,150ml<排量≤250ml,排量,46228.0
2024,3,销售,二轮,250ml<排量≤400ml,排量,1276.0
2024,3,销售,三轮,400ml<排量≤750ml,排量,555.0
2024,3,销售,三轮,排量>750ml,排量,33.0
2024,3,销售,二轮,电动摩托车,排量,114927.0
2024,4,生产,总计,总计,汇总,1762636.0
2024,4,生产,二轮,跨骑式,车型,860729.0
2024,4,生产,二轮,弯梁式,车型,155306.0
2024,4,生产,二轮,踏板式,车型,520674.0
2024,4,生产,二轮,其它式,车型,0.0
2024,4,生产,二轮,排量≤50ml,排量,56524.0
2024,4,生产,二轮,50ml<排量≤60ml,排量,359.0
2024,4,生产,二轮,60ml<排量≤70ml,排量,2033.0
2024,4,生产,二轮,70ml<排量≤80ml,排量,197.0
2024,4,生产,二轮,80ml<排量≤90ml,排量,3237.0
2024,4,生产,二轮,90ml<排量≤100ml,排量,31399.0
2024,4,生产,二轮,100ml<排量≤110ml,排量,132873.0
2024,4,生产,二轮,110ml<排量≤125ml,排量,476860.0
2024,4,生产,二轮,125ml<排量≤150ml,排量,403453.0
2024,4,生产,二轮,150ml<排量≤200ml,排量,104643.0
2024,4,生产,二轮,200ml<排量≤250ml,排量,63220.0
2024,4,生产,二轮,250ml<排量≤400ml,排量,35250.0
2024,4,生产,二轮,400ml<排量≤500ml,排量,26416.0
2024,4,生产,二轮,500ml<排量≤800ml,排量,8596.0
2024,4,生产,二轮,排量>800ml,排量,1140.0
2024,4,生产,二轮,电动摩托车,排量,190509.0
2024,4,生产,三轮,正三轮,车型,225612.0
2024,4,生产,三轮,边三轮,车型,315.0
2024,4,生产,二轮,排量≤50ml,排量,65.0
2024,4,生产,三轮,50ml<排量≤100ml,排量,0.0
2024,4,生产,三轮,100ml<排量≤150ml,排量,69209.0
2024,4,生产,三轮,150ml<排量≤250ml,排量,46579.0
2024,4,生产,二轮,250ml<排量≤400ml,排量,1639.0
2024,4,生产,三轮,400ml<排量≤750ml,排量,621.0
2024,4,生产,三轮,排量>750ml,排量,20.0
2024,4,生产,二轮,电动摩托车,排量,107794.0
2024,4,销售,总计,总计,汇总,1754144.0
2024,4,销售,二轮,跨骑式,车型,844493.0
2024,4,销售,二轮,弯梁式,车型,152186.0
2024,4,销售,二轮,踏板式,车型,533045.0
2024,4,销售,二轮,其它式,车型,0.0
2024,4,销售,二轮,排量≤50ml,排量,53230.0
2024,4,销售,二轮,50ml<排量≤60ml,排量,295.0
2024,4,销售,二轮,60ml<排量≤70ml,排量,2275.0
2024,4,销售,二轮,70ml<排量≤80ml,排量,201.0
2024,4,销售,二轮,80ml<排量≤90ml,排量,3435.0
2024,4,销售,二轮,90ml<排量≤100ml,排量,23841.0
2024,4,销售,二轮,100ml<排量≤110ml,排量,139699.0
2024,4,销售,二轮,110ml<排量≤125ml,排量,466910.0
2024,4,销售,二轮,125ml<排量≤150ml,排量,388299.0
2024,4,销售,二轮,150ml<排量≤200ml,排量,111279.0
2024,4,销售,二轮,200ml<排量≤250ml,排量,60503.0
2024,4,销售,二轮,250ml<排量≤400ml,排量,38573.0
2024,4,销售,二轮,400ml<排量≤500ml,排量,25044.0
2024,4,销售,二轮,500ml<排量≤800ml,排量,7979.0
2024,4,销售,二轮,排量>800ml,排量,1037.0
2024,4,销售,二轮,电动摩托车,排量,207124.0
2024,4,销售,三轮,正三轮,车型,224115.0
2024,4,销售,三轮,边三轮,车型,305.0
2024,4,销售,二轮,排量≤50ml,排量,65.0
2024,4,销售,三轮,50ml<排量≤100ml,排量,0.0
2024,4,销售,三轮,100ml<排量≤150ml,排量,70688.0
2024,4,销售,三轮,150ml<排量≤250ml,排量,44215.0
2024,4,销售,二轮,250ml<排量≤400ml,排量,1629.0
2024,4,销售,三轮,400ml<排量≤750ml,排量,613.0
2024,4,销售,三轮,排量>750ml,排量,20.0
2024,4,销售,二轮,电动摩托车,排量,107190.0
2024,5,生产,总计,总计,汇总,1768447.0
2024,5,生产,二轮,跨骑式,车型,861534.0
2024,5,生产,二轮,弯梁式,车型,142071.0
2024,5,生产,二轮,踏板式,车型,558597.0
2024,5,生产,二轮,其它式,车型,0.0
2024,5,生产,二轮,排量≤50ml,排量,56140.0
2024,5,生产,二轮,50ml<排量≤60ml,排量,451.0
2024,5,生产,二轮,60ml<排量≤70ml,排量,2358.0
2024,5,生产,二轮,70ml<排量≤80ml,排量,201.0
2024,5,生产,二轮,80ml<排量≤90ml,排量,2172.0
2024,5,生产,二轮,90ml<排量≤100ml,排量,24942.0
2024,5,生产,二轮,100ml<排量≤110ml,排量,134606.0
2024,5,生产,二轮,110ml<排量≤125ml,排量,466649.0
2024,5,生产,二轮,125ml<排量≤150ml,排量,405168.0
2024,5,生产,二轮,150ml<排量≤200ml,排量,116473.0
2024,5,生产,二轮,200ml<排量≤250ml,排量,61304.0
2024,5,生产,二轮,250ml<排量≤400ml,排量,42105.0
2024,5,生产,二轮,400ml<排量≤500ml,排量,27981.0
2024,5,生产,二轮,500ml<排量≤800ml,排量,8347.0
2024,5,生产,二轮,排量>800ml,排量,1236.0
2024,5,生产,二轮,电动摩托车,排量,212069.0
2024,5,生产,三轮,正三轮,车型,205882.0
2024,5,生产,三轮,边三轮,车型,363.0
2024,5,生产,二轮,排量≤50ml,排量,50.0
2024,5,生产,三轮,50ml<排量≤100ml,排量,0.0
2024,5,生产,三轮,100ml<排量≤150ml,排量,59694.0
2024,5,生产,三轮,150ml<排量≤250ml,排量,47710.0
2024,5,生产,二轮,250ml<排量≤400ml,排量,3157.0
2024,5,生产,三轮,400ml<排量≤750ml,排量,420.0
2024,5,生产,三轮,排量>750ml,排量,129.0
2024,5,生产,二轮,电动摩托车,排量,95085.0
2024,5,销售,总计,总计,汇总,1779353.0
2024,5,销售,二轮,跨骑式,车型,848794.0
2024,5,销售,二轮,弯梁式,车型,145898.0
2024,5,销售,二轮,踏板式,车型,575387.0
2024,5,销售,二轮,其它式,车型,0.0
2024,5,销售,二轮,排量≤50ml,排量,54515.0
2024,5,销售,二轮,50ml<排量≤60ml,排量,337.0
2024,5,销售,二轮,60ml<排量≤70ml,排量,2444.0
2024,5,销售,二轮,70ml<排量≤80ml,排量,197.0
2024,5,销售,二轮,80ml<排量≤90ml,排量,1835.0
2024,5,销售,二轮,90ml<排量≤100ml,排量,26319.0
2024,5,销售,二轮,100ml<排量≤110ml,排量,136871.0
2024,5,销售,二轮,110ml<排量≤125ml,排量,459906.0
2024,5,销售,二轮,125ml<排量≤150ml,排量,402901.0
2024,5,销售,二轮,150ml<排量≤200ml,排量,112921.0
2024,5,销售,二轮,200ml<排量≤250ml,排量,59119.0
2024,5,销售,二轮,250ml<排量≤400ml,排量,44044.0
2024,5,销售,二轮,400ml<排量≤500ml,排量,24032.0
2024,5,销售,二轮,500ml<排量≤800ml,排量,7926.0
2024,5,销售,二轮,排量>800ml,排量,1222.0
2024,5,销售,二轮,电动摩托车,排量,235490.0
2024,5,销售,三轮,正三轮,车型,209046.0
2024,5,销售,三轮,边三轮,车型,228.0
2024,5,销售,二轮,排量≤50ml,排量,50.0
2024,5,销售,三轮,50ml<排量≤100ml,排量,0.0
2024,5,销售,三轮,100ml<排量≤150ml,排量,61397.0
2024,5,销售,三轮,150ml<排量≤250ml,排量,48515.0
2024,5,销售,二轮,250ml<排量≤400ml,排量,3000.0
2024,5,销售,三轮,400ml<排量≤750ml,排量,420.0
2024,5,销售,三轮,排量>750ml,排量,129.0
2024,5,销售,二轮,电动摩托车,排量,95763.0
2024,6,生产,总计,总计,汇总,1781283.0
2024,6,生产,二轮,跨骑式,车型,895943.0
2024,6,生产,二轮,弯梁式,车型,146656.0
2024,6,生产,二轮,踏板式,车型,547807.0
2024,6,生产,二轮,其它式,车型,0.0
2024,6,生产,二轮,排量≤50ml,排量,57699.0
2024,6,生产,二轮,50ml<排量≤60ml,排量,342.0
2024,6,生产,二轮,60ml<排量≤70ml,排量,2011.0
2024,6,生产,二轮,70ml<排量≤80ml,排量,302.0
2024,6,生产,二轮,80ml<排量≤90ml,排量,2869.0
2024,6,生产,二轮,90ml<排量≤100ml,排量,23120.0
2024,6,生产,二轮,100ml<排量≤110ml,排量,139913.0
2024,6,生产,二轮,110ml<排量≤125ml,排量,433079.0
2024,6,生产,二轮,125ml<排量≤150ml,排量,460489.0
2024,6,生产,二轮,150ml<排量≤200ml,排量,102134.0
2024,6,生产,二轮,200ml<排量≤250ml,排量,69449.0
2024,6,生产,二轮,250ml<排量≤400ml,排量,45899.0
2024,6,生产,二轮,400ml<排量≤500ml,排量,29463.0
2024,6,生产,二轮,500ml<排量≤800ml,排量,10556.0
2024,6,生产,二轮,排量>800ml,排量,1591.0
2024,6,生产,二轮,电动摩托车,排量,211490.0
2024,6,生产,三轮,正三轮,车型,190625.0
2024,6,生产,三轮,边三轮,车型,252.0
2024,6,生产,二轮,排量≤50ml,排量,60.0
2024,6,生产,三轮,50ml<排量≤100ml,排量,0.0
2024,6,生产,三轮,100ml<排量≤150ml,排量,52196.0
2024,6,生产,三轮,150ml<排量≤250ml,排量,44194.0
2024,6,生产,二轮,250ml<排量≤400ml,排量,7993.0
2024,6,生产,三轮,400ml<排量≤750ml,排量,176.0
2024,6,生产,三轮,排量>750ml,排量,197.0
2024,6,生产,二轮,电动摩托车,排量,86061.0
2024,6,销售,总计,总计,汇总,1800192.0
2024,6,销售,二轮,跨骑式,车型,907544.0
2024,6,销售,二轮,弯梁式,车型,139420.0
2024,6,销售,二轮,踏板式,车型,561997.0
2024,6,销售,二轮,其它式,车型,0.0
2024,6,销售,二轮,排量≤50ml,排量,62605.0
2024,6,销售,二轮,50ml<排量≤60ml,排量,456.0
2024,6,销售,二轮,60ml<排量≤70ml,排量,1956.0
2024,6,销售,二轮,70ml<排量≤80ml,排量,307.0
2024,6,销售,二轮,80ml<排量≤90ml,排量,2830.0
2024,6,销售,二轮,90ml<排量≤100ml,排量,24184.0
2024,6,销售,二轮,100ml<排量≤110ml,排量,129411.0
2024,6,销售,二轮,110ml<排量≤125ml,排量,442850.0
2024,6,销售,二轮,125ml<排量≤150ml,排量,455239.0
2024,6,销售,二轮,150ml<排量≤200ml,排量,105570.0
2024,6,销售,二轮,200ml<排量≤250ml,排量,69013.0
2024,6,销售,二轮,250ml<排量≤400ml,排量,46468.0
2024,6,销售,二轮,400ml<排量≤500ml,排量,30949.0
2024,6,销售,二轮,500ml<排量≤800ml,排量,10794.0
2024,6,销售,二轮,排量>800ml,排量,1848.0
2024,6,销售,二轮,电动摩托车,排量,224481.0
2024,6,销售,三轮,正三轮,车型,190986.0
2024,6,销售,三轮,边三轮,车型,245.0
2024,6,销售,二轮,排量≤50ml,排量,60.0
2024,6,销售,三轮,50ml<排量≤100ml,排量,0.0
2024,6,销售,三轮,100ml<排量≤150ml,排量,52229.0
2024,6,销售,三轮,150ml<排量≤250ml,排量,44816.0
2024,6,销售,二轮,250ml<排量≤400ml,排量,8022.0
2024,6,销售,三轮,400ml<排量≤750ml,排量,163.0
2024,6,销售,三轮,排量>750ml,排量,193.0
2024,6,销售,二轮,电动摩托车,排量,85748.0
2024,7,生产,总计,总计,汇总,1829757.0
2024,7,生产,二轮,跨骑式,车型,926985.0
2024,7,生产,二轮,弯梁式,车型,138937.0
2024,7,生产,二轮,踏板式,车型,550381.0
2024,7,生产,二轮,其它式,车型,0.0
2024,7,生产,二轮,排量≤50ml,排量,59703.0
2024,7,生产,二轮,50ml<排量≤60ml,排量,630.0
2024,7,生产,二轮,60ml<排量≤70ml,排量,2007.0
2024,7,生产,二轮,70ml<排量≤80ml,排量,343.0
2024,7,生产,二轮,80ml<排量≤90ml,排量,2295.0
2024,7,生产,二轮,90ml<排量≤100ml,排量,32694.0
2024,7,生产,二轮,100ml<排量≤110ml,排量,131465.0
2024,7,生产,二轮,110ml<排量≤125ml,排量,443590.0
2024,7,生产,二轮,125ml<排量≤150ml,排量,457833.0
2024,7,生产,二轮,150ml<排量≤200ml,排量,116670.0
2024,7,生产,二轮,200ml<排量≤250ml,排量,67394.0
2024,7,生产,二轮,250ml<排量≤400ml,排量,43520.0
2024,7,生产,二轮,400ml<排量≤500ml,排量,30613.0
2024,7,生产,二轮,500ml<排量≤800ml,排量,7646.0
2024,7,生产,二轮,排量>800ml,排量,1470.0
2024,7,生产,二轮,电动摩托车,排量,218430.0
2024,7,生产,三轮,正三轮,车型,213371.0
2024,7,生产,三轮,边三轮,车型,83.0
2024,7,生产,二轮,排量≤50ml,排量,120.0
2024,7,生产,三轮,50ml<排量≤100ml,排量,0.0
2024,7,生产,三轮,100ml<排量≤150ml,排量,52935.0
2024,7,生产,三轮,150ml<排量≤250ml,排量,50875.0
2024,7,生产,二轮,250ml<排量≤400ml,排量,2308.0
2024,7,生产,三轮,400ml<排量≤750ml,排量,203.0
2024,7,生产,三轮,排量>750ml,排量,410.0
2024,7,生产,二轮,电动摩托车,排量,106603.0
2024,7,销售,总计,总计,汇总,1830935.0
2024,7,销售,二轮,跨骑式,车型,933611.0
2024,7,销售,二轮,弯梁式,车型,134272.0
2024,7,销售,二轮,踏板式,车型,548620.0
2024,7,销售,二轮,其它式,车型,0.0
2024,7,销售,二轮,排量≤50ml,排量,58981.0
2024,7,销售,二轮,50ml<排量≤60ml,排量,556.0
2024,7,销售,二轮,60ml<排量≤70ml,排量,1927.0
2024,7,销售,二轮,70ml<排量≤80ml,排量,337.0
2024,7,销售,二轮,80ml<排量≤90ml,排量,2362.0
2024,7,销售,二轮,90ml<排量≤100ml,排量,34114.0
2024,7,销售,二轮,100ml<排量≤110ml,排量,123793.0
2024,7,销售,二轮,110ml<排量≤125ml,排量,440292.0
2024,7,销售,二轮,125ml<排量≤150ml,排量,458633.0
2024,7,销售,二轮,150ml<排量≤200ml,排量,116916.0
2024,7,销售,二轮,200ml<排量≤250ml,排量,67395.0
2024,7,销售,二轮,250ml<排量≤400ml,排量,41681.0
2024,7,销售,二轮,400ml<排量≤500ml,排量,24131.0
2024,7,销售,二轮,500ml<排量≤800ml,排量,5571.0
2024,7,销售,二轮,排量>800ml,排量,1238.0
2024,7,销售,二轮,电动摩托车,排量,238576.0
2024,7,销售,三轮,正三轮,车型,214278.0
2024,7,销售,三轮,边三轮,车型,154.0
2024,7,销售,二轮,排量≤50ml,排量,120.0
2024,7,销售,三轮,50ml<排量≤100ml,排量,0.0
2024,7,销售,三轮,100ml<排量≤150ml,排量,52891.0
2024,7,销售,三轮,150ml<排量≤250ml,排量,51467.0
2024,7,销售,二轮,250ml<排量≤400ml,排量,2518.0
2024,7,销售,三轮,400ml<排量≤750ml,排量,217.0
2024,7,销售,三轮,排量>750ml,排量,413.0
2024,7,销售,二轮,电动摩托车,排量,106806.0
2024,8,生产,总计,总计,汇总,1769484.0
2024,8,生产,二轮,跨骑式,车型,869404.0
2024,8,生产,二轮,弯梁式,车型,145222.0
2024,8,生产,二轮,踏板式,车型,535094.0
2024,8,生产,二轮,其它式,车型,0.0
2024,8,生产,二轮,排量≤50ml,排量,52197.0
2024,8,生产,二轮,50ml<排量≤60ml,排量,248.0
2024,8,生产,二轮,60ml<排量≤70ml,排量,1367.0
2024,8,生产,二轮,70ml<排量≤80ml,排量,452.0
2024,8,生产,二轮,80ml<排量≤90ml,排量,1517.0
2024,8,生产,二轮,90ml<排量≤100ml,排量,29537.0
2024,8,生产,二轮,100ml<排量≤110ml,排量,147825.0
2024,8,生产,二轮,110ml<排量≤125ml,排量,449623.0
2024,8,生产,二轮,125ml<排量≤150ml,排量,391887.0
2024,8,生产,二轮,150ml<排量≤200ml,排量,119429.0
2024,8,生产,二轮,200ml<排量≤250ml,排量,60862.0
2024,8,生产,二轮,250ml<排量≤400ml,排量,40160.0
2024,8,生产,二轮,400ml<排量≤500ml,排量,24651.0
2024,8,生产,二轮,500ml<排量≤800ml,排量,4532.0
2024,8,生产,二轮,排量>800ml,排量,1909.0
2024,8,生产,二轮,电动摩托车,排量,223524.0
2024,8,生产,三轮,正三轮,车型,219748.0
2024,8,生产,三轮,边三轮,车型,16.0
2024,8,生产,二轮,排量≤50ml,排量,150.0
2024,8,生产,三轮,50ml<排量≤100ml,排量,0.0
2024,8,生产,三轮,100ml<排量≤150ml,排量,56662.0
2024,8,生产,三轮,150ml<排量≤250ml,排量,44075.0
2024,8,生产,二轮,250ml<排量≤400ml,排量,2484.0
2024,8,生产,三轮,400ml<排量≤750ml,排量,223.0
2024,8,生产,三轮,排量>750ml,排量,95.0
2024,8,生产,二轮,电动摩托车,排量,116075.0
2024,8,销售,总计,总计,汇总,1741041.0
2024,8,销售,二轮,跨骑式,车型,841251.0
2024,8,销售,二轮,弯梁式,车型,143998.0
2024,8,销售,二轮,踏板式,车型,536668.0
2024,8,销售,二轮,其它式,车型,0.0
2024,8,销售,二轮,排量≤50ml,排量,50870.0
2024,8,销售,二轮,50ml<排量≤60ml,排量,208.0
2024,8,销售,二轮,60ml<排量≤70ml,排量,1676.0
2024,8,销售,二轮,70ml<排量≤80ml,排量,443.0
2024,8,销售,二轮,80ml<排量≤90ml,排量,1759.0
2024,8,销售,二轮,90ml<排量≤100ml,排量,32280.0
2024,8,销售,二轮,100ml<排量≤110ml,排量,146844.0
2024,8,销售,二轮,110ml<排量≤125ml,排量,442575.0
2024,8,销售,二轮,125ml<排量≤150ml,排量,380184.0
2024,8,销售,二轮,150ml<排量≤200ml,排量,106551.0
2024,8,销售,二轮,200ml<排量≤250ml,排量,59364.0
2024,8,销售,二轮,250ml<排量≤400ml,排量,36626.0
2024,8,销售,二轮,400ml<排量≤500ml,排量,24061.0
2024,8,销售,二轮,500ml<排量≤800ml,排量,5740.0
2024,8,销售,二轮,排量>800ml,排量,1917.0
2024,8,销售,二轮,电动摩托车,排量,230819.0
2024,8,销售,三轮,正三轮,车型,219059.0
2024,8,销售,三轮,边三轮,车型,65.0
2024,8,销售,二轮,排量≤50ml,排量,150.0
2024,8,销售,三轮,50ml<排量≤100ml,排量,0.0
2024,8,销售,三轮,100ml<排量≤150ml,排量,56821.0
2024,8,销售,三轮,150ml<排量≤250ml,排量,44706.0
2024,8,销售,二轮,250ml<排量≤400ml,排量,2353.0
2024,8,销售,三轮,400ml<排量≤750ml,排量,235.0
2024,8,销售,三轮,排量>750ml,排量,113.0
2024,8,销售,二轮,电动摩托车,排量,114746.0
2024,9,生产,总计,总计,汇总,1802757.0
2024,9,生产,二轮,跨骑式,车型,894286.0
2024,9,生产,二轮,弯梁式,车型,137957.0
2024,9,生产,二轮,踏板式,车型,539349.0
2024,9,生产,二轮,其它式,车型,0.0
2024,9,生产,二轮,排量≤50ml,排量,43254.0
2024,9,生产,二轮,50ml<排量≤60ml,排量,0.0
2024,9,生产,二轮,60ml<排量≤70ml,排量,2340.0
2024,9,生产,二轮,70ml<排量≤80ml,排量,530.0
2024,9,生产,二轮,80ml<排量≤90ml,排量,1703.0
2024,9,生产,二轮,90ml<排量≤100ml,排量,18917.0
2024,9,生产,二轮,100ml<排量≤110ml,排量,130791.0
2024,9,生产,二轮,110ml<排量≤125ml,排量,446370.0
2024,9,生产,二轮,125ml<排量≤150ml,排量,460911.0
2024,9,生产,二轮,150ml<排量≤200ml,排量,104620.0
2024,9,生产,二轮,200ml<排量≤250ml,排量,59524.0
2024,9,生产,二轮,250ml<排量≤400ml,排量,51064.0
2024,9,生产,二轮,400ml<排量≤500ml,排量,18906.0
2024,9,生产,二轮,500ml<排量≤800ml,排量,3620.0
2024,9,生产,二轮,排量>800ml,排量,1436.0
2024,9,生产,二轮,电动摩托车,排量,227606.0
2024,9,生产,三轮,正三轮,车型,231118.0
2024,9,生产,三轮,边三轮,车型,47.0
2024,9,生产,二轮,排量≤50ml,排量,140.0
2024,9,生产,三轮,50ml<排量≤100ml,排量,0.0
2024,9,生产,三轮,100ml<排量≤150ml,排量,59221.0
2024,9,生产,三轮,150ml<排量≤250ml,排量,54130.0
2024,9,生产,二轮,250ml<排量≤400ml,排量,2703.0
2024,9,生产,三轮,400ml<排量≤750ml,排量,352.0
2024,9,生产,三轮,排量>750ml,排量,126.0
2024,9,生产,二轮,电动摩托车,排量,114493.0
2024,9,销售,总计,总计,汇总,1854714.0
2024,9,销售,二轮,跨骑式,车型,930604.0
2024,9,销售,二轮,弯梁式,车型,140931.0
2024,9,销售,二轮,踏板式,车型,553678.0
2024,9,销售,二轮,其它式,车型,0.0
2024,9,销售,二轮,排量≤50ml,排量,47874.0
2024,9,销售,二轮,50ml<排量≤60ml,排量,110.0
2024,9,销售,二轮,60ml<排量≤70ml,排量,2008.0
2024,9,销售,二轮,70ml<排量≤80ml,排量,522.0
2024,9,销售,二轮,80ml<排量≤90ml,排量,1657.0
2024,9,销售,二轮,90ml<排量≤100ml,排量,21559.0
2024,9,销售,二轮,100ml<排量≤110ml,排量,140953.0
2024,9,销售,二轮,110ml<排量≤125ml,排量,463189.0
2024,9,销售,二轮,125ml<排量≤150ml,排量,460270.0
2024,9,销售,二轮,150ml<排量≤200ml,排量,114687.0
2024,9,销售,二轮,200ml<排量≤250ml,排量,60506.0
2024,9,销售,二轮,250ml<排量≤400ml,排量,50750.0
2024,9,销售,二轮,400ml<排量≤500ml,排量,20680.0
2024,9,销售,二轮,500ml<排量≤800ml,排量,3692.0
2024,9,销售,二轮,排量>800ml,排量,1435.0
2024,9,销售,二轮,电动摩托车,排量,235321.0
2024,9,销售,三轮,正三轮,车型,229428.0
2024,9,销售,三轮,边三轮,车型,73.0
2024,9,销售,二轮,排量≤50ml,排量,140.0
2024,9,销售,三轮,50ml<排量≤100ml,排量,0.0
2024,9,销售,三轮,100ml<排量≤150ml,排量,59057.0
2024,9,销售,三轮,150ml<排量≤250ml,排量,52967.0
2024,9,销售,二轮,250ml<排量≤400ml,排量,2733.0
2024,9,销售,三轮,400ml<排量≤750ml,排量,352.0
2024,9,销售,三轮,排量>750ml,排量,137.0
2024,9,销售,二轮,电动摩托车,排量,114115.0
2024,10,生产,总计,总计,汇总,1600156.0
2024,10,生产,二轮,跨骑式,车型,822280.0
2024,10,生产,二轮,弯梁式,车型,146303.0
2024,10,生产,二轮,踏板式,车型,391212.0
2024,10,生产,二轮,其它式,车型,0.0
2024,10,生产,二轮,排量≤50ml,排量,34403.0
2024,10,生产,二轮,50ml<排量≤60ml,排量,526.0
2024,10,生产,二轮,60ml<排量≤70ml,排量,3137.0
2024,10,生产,二轮,70ml<排量≤80ml,排量,531.0
2024,10,生产,二轮,80ml<排量≤90ml,排量,3555.0
2024,10,生产,二轮,90ml<排量≤100ml,排量,19478.0
2024,10,生产,二轮,100ml<排量≤110ml,排量,135270.0
2024,10,生产,二轮,110ml<排量≤125ml,排量,412009.0
2024,10,生产,二轮,125ml<排量≤150ml,排量,393850.0
2024,10,生产,二轮,150ml<排量≤200ml,排量,106815.0
2024,10,生产,二轮,200ml<排量≤250ml,排量,51929.0
2024,10,生产,二轮,250ml<排量≤400ml,排量,33905.0
2024,10,生产,二轮,400ml<排量≤500ml,排量,14991.0
2024,10,生产,二轮,500ml<排量≤800ml,排量,9339.0
2024,10,生产,二轮,排量>800ml,排量,830.0
2024,10,生产,二轮,电动摩托车,排量,139227.0
2024,10,生产,三轮,正三轮,车型,240352.0
2024,10,生产,三轮,边三轮,车型,9.0
2024,10,生产,二轮,排量≤50ml,排量,135.0
2024,10,生产,三轮,50ml<排量≤100ml,排量,0.0
2024,10,生产,三轮,100ml<排量≤150ml,排量,59005.0
2024,10,生产,三轮,150ml<排量≤250ml,排量,52913.0
2024,10,生产,二轮,250ml<排量≤400ml,排量,2939.0
2024,10,生产,三轮,400ml<排量≤750ml,排量,250.0
2024,10,生产,三轮,排量>750ml,排量,254.0
2024,10,生产,二轮,电动摩托车,排量,124865.0
2024,10,销售,总计,总计,汇总,1575794.0
2024,10,销售,二轮,跨骑式,车型,807061.0
2024,10,销售,二轮,弯梁式,车型,146121.0
2024,10,销售,二轮,踏板式,车型,381823.0
2024,10,销售,二轮,其它式,车型,0.0
2024,10,销售,二轮,排量≤50ml,排量,35090.0
2024,10,销售,二轮,50ml<排量≤60ml,排量,425.0
2024,10,销售,二轮,60ml<排量≤70ml,排量,3560.0
2024,10,销售,二轮,70ml<排量≤80ml,排量,534.0
2024,10,销售,二轮,80ml<排量≤90ml,排量,3662.0
2024,10,销售,二轮,90ml<排量≤100ml,排量,20137.0
2024,10,销售,二轮,100ml<排量≤110ml,排量,133928.0
2024,10,销售,二轮,110ml<排量≤125ml,排量,407058.0
2024,10,销售,二轮,125ml<排量≤150ml,排量,389749.0
2024,10,销售,二轮,150ml<排量≤200ml,排量,102311.0
2024,10,销售,二轮,200ml<排量≤250ml,排量,43924.0
2024,10,销售,二轮,250ml<排量≤400ml,排量,39422.0
2024,10,销售,二轮,400ml<排量≤500ml,排量,11251.0
2024,10,销售,二轮,500ml<排量≤800ml,排量,9502.0
2024,10,销售,二轮,排量>800ml,排量,873.0
2024,10,销售,二轮,电动摩托车,排量,133579.0
2024,10,销售,三轮,正三轮,车型,240768.0
2024,10,销售,三轮,边三轮,车型,21.0
2024,10,销售,二轮,排量≤50ml,排量,135.0
2024,10,销售,三轮,50ml<排量≤100ml,排量,1.0
2024,10,销售,三轮,100ml<排量≤150ml,排量,58401.0
2024,10,销售,三轮,150ml<排量≤250ml,排量,53621.0
2024,10,销售,二轮,250ml<排量≤400ml,排量,2749.0
2024,10,销售,三轮,400ml<排量≤750ml,排量,74.0
2024,10,销售,三轮,排量>750ml,排量,254.0
2024,10,销售,二轮,电动摩托车,排量,125554.0
2024,11,生产,总计,总计,汇总,1662608.0
2024,11,生产,二轮,跨骑式,车型,879694.0
2024,11,生产,二轮,弯梁式,车型,152555.0
2024,11,生产,二轮,踏板式,车型,391486.0
2024,11,生产,二轮,其它式,车型,0.0
2024,11,生产,二轮,排量≤50ml,排量,38046.0
2024,11,生产,二轮,50ml<排量≤60ml,排量,342.0
2024,11,生产,二轮,60ml<排量≤70ml,排量,1915.0
2024,11,生产,二轮,70ml<排量≤80ml,排量,428.0
2024,11,生产,二轮,80ml<排量≤90ml,排量,1753.0
2024,11,生产,二轮,90ml<排量≤100ml,排量,26427.0
2024,11,生产,二轮,100ml<排量≤110ml,排量,153681.0
2024,11,生产,二轮,110ml<排量≤125ml,排量,443391.0
2024,11,生产,二轮,125ml<排量≤150ml,排量,377028.0
2024,11,生产,二轮,150ml<排量≤200ml,排量,128028.0
2024,11,生产,二轮,200ml<排量≤250ml,排量,42930.0
2024,11,生产,二轮,250ml<排量≤400ml,排量,35603.0
2024,11,生产,二轮,400ml<排量≤500ml,排量,14879.0
2024,11,生产,二轮,500ml<排量≤800ml,排量,10815.0
2024,11,生产,二轮,排量>800ml,排量,1173.0
2024,11,生产,二轮,电动摩托车,排量,147296.0
2024,11,生产,三轮,正三轮,车型,238801.0
2024,11,生产,三轮,边三轮,车型,72.0
2024,11,生产,二轮,排量≤50ml,排量,120.0
2024,11,生产,三轮,50ml<排量≤100ml,排量,0.0
2024,11,生产,三轮,100ml<排量≤150ml,排量,49757.0
2024,11,生产,三轮,150ml<排量≤250ml,排量,65169.0
2024,11,生产,二轮,250ml<排量≤400ml,排量,3198.0
2024,11,生产,三轮,400ml<排量≤750ml,排量,461.0
2024,11,生产,三轮,排量>750ml,排量,14.0
2024,11,生产,二轮,电动摩托车,排量,120154.0
2024,11,销售,总计,总计,汇总,1646996.0
2024,11,销售,二轮,跨骑式,车型,877684.0
2024,11,销售,二轮,弯梁式,车型,147765.0
2024,11,销售,二轮,踏板式,车型,381929.0
2024,11,销售,二轮,其它式,车型,0.0
2024,11,销售,二轮,排量≤50ml,排量,34810.0
2024,11,销售,二轮,50ml<排量≤60ml,排量,384.0
2024,11,销售,二轮,60ml<排量≤70ml,排量,1783.0
2024,11,销售,二轮,70ml<排量≤80ml,排量,423.0
2024,11,销售,二轮,80ml<排量≤90ml,排量,1764.0
2024,11,销售,二轮,90ml<排量≤100ml,排量,26538.0
2024,11,销售,二轮,100ml<排量≤110ml,排量,147938.0
2024,11,销售,二轮,110ml<排量≤125ml,排量,443345.0
2024,11,销售,二轮,125ml<排量≤150ml,排量,374166.0
2024,11,销售,二轮,150ml<排量≤200ml,排量,127341.0
2024,11,销售,二轮,200ml<排量≤250ml,排量,45057.0
2024,11,销售,二轮,250ml<排量≤400ml,排量,31245.0
2024,11,销售,二轮,400ml<排量≤500ml,排量,14291.0
2024,11,销售,二轮,500ml<排量≤800ml,排量,8254.0
2024,11,销售,二轮,排量>800ml,排量,1021.0
2024,11,销售,二轮,电动摩托车,排量,149018.0
2024,11,销售,三轮,正三轮,车型,239529.0
2024,11,销售,三轮,边三轮,车型,89.0
2024,11,销售,二轮,排量≤50ml,排量,120.0
2024,11,销售,三轮,50ml<排量≤100ml,排量,0.0
2024,11,销售,三轮,100ml<排量≤150ml,排量,49779.0
2024,11,销售,三轮,150ml<排量≤250ml,排量,66106.0
2024,11,销售,二轮,250ml<排量≤400ml,排量,3272.0
2024,11,销售,三轮,400ml<排量≤750ml,排量,220.0
2024,11,销售,三轮,排量>750ml,排量,14.0
2024,11,销售,二轮,电动摩托车,排量,120107.0
2024,12,生产,总计,总计,汇总,1815386.0
2024,12,生产,二轮,跨骑式,车型,956293.0
2024,12,生产,二轮,弯梁式,车型,179312.0
2024,12,生产,二轮,踏板式,车型,438315.0
2024,12,生产,二轮,其它式,车型,0.0
2024,12,生产,二轮,排量≤50ml,排量,38674.0
2024,12,生产,二轮,50ml<排量≤60ml,排量,307.0
2024,12,生产,二轮,60ml<排量≤70ml,排量,2968.0
2024,12,生产,二轮,70ml<排量≤80ml,排量,446.0
2024,12,生产,二轮,80ml<排量≤90ml,排量,1739.0
2024,12,生产,二轮,90ml<排量≤100ml,排量,24431.0
2024,12,生产,二轮,100ml<排量≤110ml,排量,160293.0
2024,12,生产,二轮,110ml<排量≤125ml,排量,505948.0
2024,12,生产,二轮,125ml<排量≤150ml,排量,432677.0
2024,12,生产,二轮,150ml<排量≤200ml,排量,128286.0
2024,12,生产,二轮,200ml<排量≤250ml,排量,40087.0
2024,12,生产,二轮,250ml<排量≤400ml,排量,38115.0
2024,12,生产,二轮,400ml<排量≤500ml,排量,12637.0
2024,12,生产,二轮,500ml<排量≤800ml,排量,16739.0
2024,12,生产,二轮,排量>800ml,排量,2194.0
2024,12,生产,二轮,电动摩托车,排量,168379.0
2024,12,生产,三轮,正三轮,车型,241465.0
2024,12,生产,三轮,边三轮,车型,1.0
2024,12,生产,二轮,排量≤50ml,排量,110.0
2024,12,生产,三轮,50ml<排量≤100ml,排量,10.0
2024,12,生产,三轮,100ml<排量≤150ml,排量,68464.0
2024,12,生产,三轮,150ml<排量≤250ml,排量,64126.0
2024,12,生产,二轮,250ml<排量≤400ml,排量,3657.0
2024,12,生产,三轮,400ml<排量≤750ml,排量,335.0
2024,12,生产,三轮,排量>750ml,排量,175.0
2024,12,生产,二轮,电动摩托车,排量,104589.0
2024,12,销售,总计,总计,汇总,1758244.0
2024,12,销售,二轮,跨骑式,车型,936491.0
2024,12,销售,二轮,弯梁式,车型,167855.0
2024,12,销售,二轮,踏板式,车型,414712.0
2024,12,销售,二轮,其它式,车型,0.0
2024,12,销售,二轮,排量≤50ml,排量,38077.0
2024,12,销售,二轮,50ml<排量≤60ml,排量,315.0
2024,12,销售,二轮,60ml<排量≤70ml,排量,2538.0
2024,12,销售,二轮,70ml<排量≤80ml,排量,449.0
2024,12,销售,二轮,80ml<排量≤90ml,排量,625.0
2024,12,销售,二轮,90ml<排量≤100ml,排量,25196.0
2024,12,销售,二轮,100ml<排量≤110ml,排量,162212.0
2024,12,销售,二轮,110ml<排量≤125ml,排量,479739.0
2024,12,销售,二轮,125ml<排量≤150ml,排量,412370.0
2024,12,销售,二轮,150ml<排量≤200ml,排量,129822.0
2024,12,销售,二轮,200ml<排量≤250ml,排量,41039.0
2024,12,销售,二轮,250ml<排量≤400ml,排量,38798.0
2024,12,销售,二轮,400ml<排量≤500ml,排量,19471.0
2024,12,销售,二轮,500ml<排量≤800ml,排量,7832.0
2024,12,销售,二轮,排量>800ml,排量,1598.0
2024,12,销售,二轮,电动摩托车,排量,158977.0
2024,12,销售,三轮,正三轮,车型,239174.0
2024,12,销售,三轮,边三轮,车型,12.0
2024,12,销售,二轮,排量≤50ml,排量,110.0
2024,12,销售,三轮,50ml<排量≤100ml,排量,6.0
2024,12,销售,三轮,100ml<排量≤150ml,排量,66027.0
2024,12,销售,三轮,150ml<排量≤250ml,排量,61999.0
2024,12,销售,二轮,250ml<排量≤400ml,排量,3992.0
2024,12,销售,三轮,400ml<排量≤750ml,排量,753.0
2024,12,销售,三轮,排量>750ml,排量,177.0
2024,12,销售,二轮,电动摩托车,排量,106122.0
2025,1,生产,总计,总计,汇总,1571913.0
2025,1,生产,二轮,跨骑式,车型,882636.0
2025,1,生产,二轮,弯梁式,车型,140058.0
2025,1,生产,二轮,踏板式,车型,384949.0
2025,1,生产,二轮,其它式,车型,0.0
2025,1,生产,二轮,排量≤50ml,排量,54101.0
2025,1,生产,二轮,50ml<排量≤60ml,排量,128.0
2025,1,生产,二轮,60ml<排量≤70ml,排量,877.0
2025,1,生产,二轮,70ml<排量≤80ml,排量,189.0
2025,1,生产,二轮,80ml<排量≤90ml,排量,399.0
2025,1,生产,二轮,90ml<排量≤100ml,排量,23406.0
2025,1,生产,二轮,100ml<排量≤110ml,排量,128901.0
2025,1,生产,二轮,110ml<排量≤125ml,排量,437851.0
2025,1,生产,二轮,125ml<排量≤150ml,排量,392634.0
2025,1,生产,二轮,150ml<排量≤200ml,排量,121098.0
2025,1,生产,二轮,200ml<排量≤250ml,排量,41920.0
2025,1,生产,二轮,250ml<排量≤400ml,排量,39755.0
2025,1,生产,二轮,400ml<排量≤500ml,排量,9133.0
2025,1,生产,二轮,500ml<排量≤800ml,排量,12811.0
2025,1,生产,二轮,排量>800ml,排量,2689.0
2025,1,生产,二轮,电动摩托车,排量,141751.0
2025,1,生产,三轮,正三轮,车型,164266.0
2025,1,生产,三轮,边三轮,车型,4.0
2025,1,生产,二轮,排量≤50ml,排量,50.0
2025,1,生产,三轮,50ml<排量≤100ml,排量,0.0
2025,1,生产,三轮,100ml<排量≤150ml,排量,52281.0
2025,1,生产,三轮,150ml<排量≤250ml,排量,43537.0
2025,1,生产,二轮,250ml<排量≤400ml,排量,2680.0
2025,1,生产,三轮,400ml<排量≤750ml,排量,253.0
2025,1,生产,三轮,排量>750ml,排量,113.0
2025,1,生产,二轮,电动摩托车,排量,65356.0
2025,1,销售,总计,总计,汇总,1597460.0
2025,1,销售,二轮,跨骑式,车型,879147.0
2025,1,销售,二轮,弯梁式,车型,155798.0
2025,1,销售,二轮,踏板式,车型,390496.0
2025,1,销售,二轮,其它式,车型,0.0
2025,1,销售,二轮,排量≤50ml,排量,55422.0
2025,1,销售,二轮,50ml<排量≤60ml,排量,143.0
2025,1,销售,二轮,60ml<排量≤70ml,排量,1112.0
2025,1,销售,二轮,70ml<排量≤80ml,排量,182.0
2025,1,销售,二轮,80ml<排量≤90ml,排量,1572.0
2025,1,销售,二轮,90ml<排量≤100ml,排量,22452.0
2025,1,销售,二轮,100ml<排量≤110ml,排量,142350.0
2025,1,销售,二轮,110ml<排量≤125ml,排量,450381.0
2025,1,销售,二轮,125ml<排量≤150ml,排量,396634.0
2025,1,销售,二轮,150ml<排量≤200ml,排量,110649.0
2025,1,销售,二轮,200ml<排量≤250ml,排量,38726.0
2025,1,销售,二轮,250ml<排量≤400ml,排量,35065.0
2025,1,销售,二轮,400ml<排量≤500ml,排量,9514.0
2025,1,销售,二轮,500ml<排量≤800ml,排量,12368.0
2025,1,销售,二轮,排量>800ml,排量,2044.0
2025,1,销售,二轮,电动摩托车,排量,146827.0
2025,1,销售,三轮,正三轮,车型,172012.0
2025,1,销售,三轮,边三轮,车型,7.0
2025,1,销售,二轮,排量≤50ml,排量,50.0
2025,1,销售,三轮,50ml<排量≤100ml,排量,0.0
2025,1,销售,三轮,100ml<排量≤150ml,排量,54618.0
2025,1,销售,三轮,150ml<排量≤250ml,排量,46719.0
2025,1,销售,二轮,250ml<排量≤400ml,排量,2648.0
2025,1,销售,三轮,400ml<排量≤750ml,排量,255.0
2025,1,销售,三轮,排量>750ml,排量,112.0
2025,1,销售,二轮,电动摩托车,排量,67617.0
2025,2,生产,总计,总计,汇总,1327006.0
2025,2,生产,二轮,跨骑式,车型,665706.0
2025,2,生产,二轮,弯梁式,车型,134912.0
2025,2,生产,二轮,踏板式,车型,357453.0
2025,2,生产,二轮,其它式,车型,0.0
2025,2,生产,二轮,排量≤50ml,排量,36130.0
2025,2,生产,二轮,50ml<排量≤60ml,排量,170.0
2025,2,生产,二轮,60ml<排量≤70ml,排量,505.0
2025,2,生产,二轮,70ml<排量≤80ml,排量,212.0
2025,2,生产,二轮,80ml<排量≤90ml,排量,96.0
2025,2,生产,二轮,90ml<排量≤100ml,排量,18391.0
2025,2,生产,二轮,100ml<排量≤110ml,排量,122581.0
2025,2,生产,二轮,110ml<排量≤125ml,排量,371013.0
2025,2,生产,二轮,125ml<排量≤150ml,排量,276895.0
2025,2,生产,二轮,150ml<排量≤200ml,排量,73878.0
2025,2,生产,二轮,200ml<排量≤250ml,排量,31280.0
2025,2,生产,二轮,250ml<排量≤400ml,排量,35129.0
2025,2,生产,二轮,400ml<排量≤500ml,排量,10682.0
2025,2,生产,二轮,500ml<排量≤800ml,排量,7893.0
2025,2,生产,二轮,排量>800ml,排量,1339.0
2025,2,生产,二轮,电动摩托车,排量,171877.0
2025,2,生产,三轮,正三轮,车型,168934.0
2025,2,生产,三轮,边三轮,车型,1.0
2025,2,生产,二轮,排量≤50ml,排量,80.0
2025,2,生产,三轮,50ml<排量≤100ml,排量,0.0
2025,2,生产,三轮,100ml<排量≤150ml,排量,45951.0
2025,2,生产,三轮,150ml<排量≤250ml,排量,42742.0
2025,2,生产,二轮,250ml<排量≤400ml,排量,1950.0
2025,2,生产,三轮,400ml<排量≤750ml,排量,490.0
2025,2,生产,三轮,排量>750ml,排量,111.0
2025,2,生产,二轮,电动摩托车,排量,77611.0
2025,2,销售,总计,总计,汇总,1359113.0
2025,2,销售,二轮,跨骑式,车型,697920.0
2025,2,销售,二轮,弯梁式,车型,129529.0
2025,2,销售,二轮,踏板式,车型,368243.0
2025,2,销售,二轮,其它式,车型,0.0
2025,2,销售,二轮,排量≤50ml,排量,37569.0
2025,2,销售,二轮,50ml<排量≤60ml,排量,12.0
2025,2,销售,二轮,60ml<排量≤70ml,排量,510.0
2025,2,销售,二轮,70ml<排量≤80ml,排量,215.0
2025,2,销售,二轮,80ml<排量≤90ml,排量,100.0
2025,2,销售,二轮,90ml<排量≤100ml,排量,19892.0
2025,2,销售,二轮,100ml<排量≤110ml,排量,116696.0
2025,2,销售,二轮,110ml<排量≤125ml,排量,392187.0
2025,2,销售,二轮,125ml<排量≤150ml,排量,281076.0
2025,2,销售,二轮,150ml<排量≤200ml,排量,88525.0
2025,2,销售,二轮,200ml<排量≤250ml,排量,34337.0
2025,2,销售,二轮,250ml<排量≤400ml,排量,37655.0
2025,2,销售,二轮,400ml<排量≤500ml,排量,10216.0
2025,2,销售,二轮,500ml<排量≤800ml,排量,7619.0
2025,2,销售,二轮,排量>800ml,排量,2209.0
2025,2,销售,二轮,电动摩托车,排量,166874.0
2025,2,销售,三轮,正三轮,车型,163412.0
2025,2,销售,三轮,边三轮,车型,9.0
2025,2,销售,二轮,排量≤50ml,排量,80.0
2025,2,销售,三轮,50ml<排量≤100ml,排量,0.0
2025,2,销售,三轮,100ml<排量≤150ml,排量,44165.0
2025,2,销售,三轮,150ml<排量≤250ml,排量,40891.0
2025,2,销售,二轮,250ml<排量≤400ml,排量,2055.0
2025,2,销售,三轮,400ml<排量≤750ml,排量,490.0
2025,2,销售,三轮,排量>750ml,排量,112.0
2025,2,销售,二轮,电动摩托车,排量,75628.0
2025,3,生产,总计,总计,汇总,1960673.0
2025,3,生产,二轮,跨骑式,车型,1000736.0
2025,3,生产,二轮,弯梁式,车型,180286.0
2025,3,生产,二轮,踏板式,车型,531856.0
2025,3,生产,二轮,其它式,车型,0.0
2025,3,生产,二轮,排量≤50ml,排量,77947.0
2025,3,生产,二轮,50ml<排量≤60ml,排量,2497.0
2025,3,生产,二轮,60ml<排量≤70ml,排量,1303.0
2025,3,生产,二轮,70ml<排量≤80ml,排量,378.0
2025,3,生产,二轮,80ml<排量≤90ml,排量,688.0
2025,3,生产,二轮,90ml<排量≤100ml,排量,15877.0
2025,3,生产,二轮,100ml<排量≤110ml,排量,148185.0
2025,3,生产,二轮,110ml<排量≤125ml,排量,488091.0
2025,3,生产,二轮,125ml<排量≤150ml,排量,476039.0
2025,3,生产,二轮,150ml<排量≤200ml,排量,124578.0
2025,3,生产,二轮,200ml<排量≤250ml,排量,52899.0
2025,3,生产,二轮,250ml<排量≤400ml,排量,43138.0
2025,3,生产,二轮,400ml<排量≤500ml,排量,24520.0
2025,3,生产,二轮,500ml<排量≤800ml,排量,17742.0
2025,3,生产,二轮,排量>800ml,排量,3007.0
2025,3,生产,二轮,电动摩托车,排量,235989.0
2025,3,生产,三轮,正三轮,车型,247795.0
2025,3,生产,三轮,边三轮,车型,0.0
2025,3,生产,二轮,排量≤50ml,排量,150.0
2025,3,生产,三轮,50ml<排量≤100ml,排量,0.0
2025,3,生产,三轮,100ml<排量≤150ml,排量,71406.0
2025,3,生产,三轮,150ml<排量≤250ml,排量,54272.0
2025,3,生产,二轮,250ml<排量≤400ml,排量,2850.0
2025,3,生产,三轮,400ml<排量≤750ml,排量,612.0
2025,3,生产,三轮,排量>750ml,排量,199.0
2025,3,生产,二轮,电动摩托车,排量,118306.0
2025,3,销售,总计,总计,汇总,1921574.0
2025,3,销售,二轮,跨骑式,车型,971407.0
2025,3,销售,二轮,弯梁式,车型,180341.0
2025,3,销售,二轮,踏板式,车型,520191.0
2025,3,销售,二轮,其它式,车型,0.0
2025,3,销售,二轮,排量≤50ml,排量,71198.0
2025,3,销售,二轮,50ml<排量≤60ml,排量,1053.0
2025,3,销售,二轮,60ml<排量≤70ml,排量,1179.0
2025,3,销售,二轮,70ml<排量≤80ml,排量,379.0
2025,3,销售,二轮,80ml<排量≤90ml,排量,545.0
2025,3,销售,二轮,90ml<排量≤100ml,排量,16601.0
2025,3,销售,二轮,100ml<排量≤110ml,排量,152349.0
2025,3,销售,二轮,110ml<排量≤125ml,排量,492614.0
2025,3,销售,二轮,125ml<排量≤150ml,排量,451682.0
2025,3,销售,二轮,150ml<排量≤200ml,排量,117886.0
2025,3,销售,二轮,200ml<排量≤250ml,排量,53208.0
2025,3,销售,二轮,250ml<排量≤400ml,排量,41048.0
2025,3,销售,二轮,400ml<排量≤500ml,排量,24893.0
2025,3,销售,二轮,500ml<排量≤800ml,排量,19991.0
2025,3,销售,二轮,排量>800ml,排量,2154.0
2025,3,销售,二轮,电动摩托车,排量,225159.0
2025,3,销售,三轮,正三轮,车型,249614.0
2025,3,销售,三轮,边三轮,车型,21.0
2025,3,销售,二轮,排量≤50ml,排量,150.0
2025,3,销售,三轮,50ml<排量≤100ml,排量,0.0
2025,3,销售,三轮,100ml<排量≤150ml,排量,71992.0
2025,3,销售,三轮,150ml<排量≤250ml,排量,54917.0
2025,3,销售,二轮,250ml<排量≤400ml,排量,2913.0
2025,3,销售,三轮,400ml<排量≤750ml,排量,614.0
2025,3,销售,三轮,排量>750ml,排量,201.0
2025,3,销售,二轮,电动摩托车,排量,118848.0
2025,4,生产,总计,总计,汇总,2025388.0
2025,4,生产,二轮,跨骑式,车型,1095028.0
2025,4,生产,二轮,弯梁式,车型,184302.0
2025,4,生产,二轮,踏板式,车型,509108.0
2025,4,生产,二轮,其它式,车型,0.0
2025,4,生产,二轮,排量≤50ml,排量,74618.0
2025,4,生产,二轮,50ml<排量≤60ml,排量,3041.0
2025,4,生产,二轮,60ml<排量≤70ml,排量,1119.0
2025,4,生产,二轮,70ml<排量≤80ml,排量,436.0
2025,4,生产,二轮,80ml<排量≤90ml,排量,785.0
2025,4,生产,二轮,90ml<排量≤100ml,排量,26902.0
2025,4,生产,二轮,100ml<排量≤110ml,排量,151476.0
2025,4,生产,二轮,110ml<排量≤125ml,排量,572040.0
2025,4,生产,二轮,125ml<排量≤150ml,排量,503258.0
2025,4,生产,二轮,150ml<排量≤200ml,排量,136642.0
2025,4,生产,二轮,200ml<排量≤250ml,排量,47327.0
2025,4,生产,二轮,250ml<排量≤400ml,排量,46640.0
2025,4,生产,二轮,400ml<排量≤500ml,排量,32088.0
2025,4,生产,二轮,500ml<排量≤800ml,排量,14653.0
2025,4,生产,二轮,排量>800ml,排量,3602.0
2025,4,生产,二轮,电动摩托车,排量,173811.0
2025,4,生产,三轮,正三轮,车型,236892.0
2025,4,生产,三轮,边三轮,车型,58.0
2025,4,生产,二轮,排量≤50ml,排量,220.0
2025,4,生产,三轮,50ml<排量≤100ml,排量,20.0
2025,4,生产,三轮,100ml<排量≤150ml,排量,69645.0
2025,4,生产,三轮,150ml<排量≤250ml,排量,59645.0
2025,4,生产,二轮,250ml<排量≤400ml,排量,3654.0
2025,4,生产,三轮,400ml<排量≤750ml,排量,260.0
2025,4,生产,三轮,排量>750ml,排量,201.0
2025,4,生产,二轮,电动摩托车,排量,103305.0
2025,4,销售,总计,总计,汇总,1981152.0
2025,4,销售,二轮,跨骑式,车型,1074450.0
2025,4,销售,二轮,弯梁式,车型,184652.0
2025,4,销售,二轮,踏板式,车型,487485.0
2025,4,销售,二轮,其它式,车型,0.0
2025,4,销售,二轮,排量≤50ml,排量,72332.0
2025,4,销售,二轮,50ml<排量≤60ml,排量,3325.0
2025,4,销售,二轮,60ml<排量≤70ml,排量,1492.0
2025,4,销售,二轮,70ml<排量≤80ml,排量,433.0
2025,4,销售,二轮,80ml<排量≤90ml,排量,534.0
2025,4,销售,二轮,90ml<排量≤100ml,排量,26829.0
2025,4,销售,二轮,100ml<排量≤110ml,排量,150812.0
2025,4,销售,二轮,110ml<排量≤125ml,排量,540524.0
2025,4,销售,二轮,125ml<排量≤150ml,排量,510992.0
2025,4,销售,二轮,150ml<排量≤200ml,排量,133213.0
2025,4,销售,二轮,200ml<排量≤250ml,排量,48401.0
2025,4,销售,二轮,250ml<排量≤400ml,排量,44290.0
2025,4,销售,二轮,400ml<排量≤500ml,排量,29335.0
2025,4,销售,二轮,500ml<排量≤800ml,排量,16483.0
2025,4,销售,二轮,排量>800ml,排量,2895.0
2025,4,销售,二轮,电动摩托车,排量,164697.0
2025,4,销售,三轮,正三轮,车型,234506.0
2025,4,销售,三轮,边三轮,车型,59.0
2025,4,销售,二轮,排量≤50ml,排量,220.0
2025,4,销售,三轮,50ml<排量≤100ml,排量,20.0
2025,4,销售,三轮,100ml<排量≤150ml,排量,69314.0
2025,4,销售,三轮,150ml<排量≤250ml,排量,59596.0
2025,4,销售,二轮,250ml<排量≤400ml,排量,3632.0
2025,4,销售,三轮,400ml<排量≤750ml,排量,245.0
2025,4,销售,三轮,排量>750ml,排量,212.0
2025,4,销售,二轮,电动摩托车,排量,101326.0
2025,5,生产,总计,总计,汇总,1847581.0
2025,5,生产,二轮,跨骑式,车型,998875.0
2025,5,生产,二轮,弯梁式,车型,189103.0
2025,5,生产,二轮,踏板式,车型,441432.0
2025,5,生产,二轮,其它式,车型,197.0
2025,5,生产,二轮,排量≤50ml,排量,51069.0
2025,5,生产,二轮,50ml<排量≤60ml,排量,2094.0
2025,5,生产,二轮,60ml<排量≤70ml,排量,1009.0
2025,5,生产,二轮,70ml<排量≤80ml,排量,516.0
2025,5,生产,二轮,80ml<排量≤90ml,排量,659.0
2025,5,生产,二轮,90ml<排量≤100ml,排量,35557.0
2025,5,生产,二轮,100ml<排量≤110ml,排量,167039.0
2025,5,生产,二轮,110ml<排量≤125ml,排量,515405.0
2025,5,生产,二轮,125ml<排量≤150ml,排量,416220.0
2025,5,生产,二轮,150ml<排量≤200ml,排量,127042.0
2025,5,生产,二轮,200ml<排量≤250ml,排量,45829.0
2025,5,生产,二轮,250ml<排量≤400ml,排量,51752.0
2025,5,生产,二轮,400ml<排量≤500ml,排量,30984.0
2025,5,生产,二轮,500ml<排量≤800ml,排量,15610.0
2025,5,生产,二轮,排量>800ml,排量,2159.0
2025,5,生产,二轮,电动摩托车,排量,166663.0
2025,5,生产,三轮,正三轮,车型,217897.0
2025,5,生产,三轮,边三轮,车型,77.0
2025,5,生产,二轮,排量≤50ml,排量,230.0
2025,5,生产,三轮,50ml<排量≤100ml,排量,0.0
2025,5,生产,三轮,100ml<排量≤150ml,排量,57669.0
2025,5,生产,三轮,150ml<排量≤250ml,排量,60759.0
2025,5,生产,二轮,250ml<排量≤400ml,排量,4022.0
2025,5,生产,三轮,400ml<排量≤750ml,排量,387.0
2025,5,生产,三轮,排量>750ml,排量,110.0
2025,5,生产,二轮,电动摩托车,排量,94797.0
2025,5,销售,总计,总计,汇总,1876341.0
2025,5,销售,二轮,跨骑式,车型,999093.0
2025,5,销售,二轮,弯梁式,车型,193949.0
2025,5,销售,二轮,踏板式,车型,463561.0
2025,5,销售,二轮,其它式,车型,197.0
2025,5,销售,二轮,排量≤50ml,排量,51178.0
2025,5,销售,二轮,50ml<排量≤60ml,排量,3047.0
2025,5,销售,二轮,60ml<排量≤70ml,排量,952.0
2025,5,销售,二轮,70ml<排量≤80ml,排量,510.0
2025,5,销售,二轮,80ml<排量≤90ml,排量,545.0
2025,5,销售,二轮,90ml<排量≤100ml,排量,29833.0
2025,5,销售,二轮,100ml<排量≤110ml,排量,167844.0
2025,5,销售,二轮,110ml<排量≤125ml,排量,528504.0
2025,5,销售,二轮,125ml<排量≤150ml,排量,426314.0
2025,5,销售,二轮,150ml<排量≤200ml,排量,129202.0
2025,5,销售,二轮,200ml<排量≤250ml,排量,46585.0
2025,5,销售,二轮,250ml<排量≤400ml,排量,53476.0
2025,5,销售,二轮,400ml<排量≤500ml,排量,29627.0
2025,5,销售,二轮,500ml<排量≤800ml,排量,15579.0
2025,5,销售,二轮,排量>800ml,排量,2561.0
2025,5,销售,二轮,电动摩托车,排量,171043.0
2025,5,销售,三轮,正三轮,车型,219450.0
2025,5,销售,三轮,边三轮,车型,91.0
2025,5,销售,二轮,排量≤50ml,排量,230.0
2025,5,销售,三轮,50ml<排量≤100ml,排量,1.0
2025,5,销售,三轮,100ml<排量≤150ml,排量,59162.0
2025,5,销售,三轮,150ml<排量≤250ml,排量,59428.0
2025,5,销售,二轮,250ml<排量≤400ml,排量,3915.0
2025,5,销售,三轮,400ml<排量≤750ml,排量,523.0
2025,5,销售,三轮,排量>750ml,排量,113.0
2025,5,销售,二轮,电动摩托车,排量,96169.0
2025,6,生产,总计,总计,汇总,1866557.0
2025,6,生产,二轮,跨骑式,车型,995249.0
2025,6,生产,二轮,弯梁式,车型,208008.0
2025,6,生产,二轮,踏板式,车型,464005.0
2025,6,生产,二轮,其它式,车型,0.0
2025,6,生产,二轮,排量≤50ml,排量,62837.0
2025,6,生产,二轮,50ml<排量≤60ml,排量,787.0
2025,6,生产,二轮,60ml<排量≤70ml,排量,1091.0
2025,6,生产,二轮,70ml<排量≤80ml,排量,558.0
2025,6,生产,二轮,80ml<排量≤90ml,排量,1296.0
2025,6,生产,二轮,90ml<排量≤100ml,排量,41220.0
2025,6,生产,二轮,100ml<排量≤110ml,排量,161978.0
2025,6,生产,二轮,110ml<排量≤125ml,排量,520430.0
2025,6,生产,二轮,125ml<排量≤150ml,排量,420173.0
2025,6,生产,二轮,150ml<排量≤200ml,排量,127832.0
2025,6,生产,二轮,200ml<排量≤250ml,排量,52020.0
2025,6,生产,二轮,250ml<排量≤400ml,排量,57639.0
2025,6,生产,二轮,400ml<排量≤500ml,排量,25680.0
2025,6,生产,二轮,500ml<排量≤800ml,排量,19598.0
2025,6,生产,二轮,排量>800ml,排量,2246.0
2025,6,生产,二轮,电动摩托车,排量,171877.0
2025,6,生产,三轮,正三轮,车型,199212.0
2025,6,生产,三轮,边三轮,车型,83.0
2025,6,生产,二轮,排量≤50ml,排量,260.0
2025,6,生产,三轮,50ml<排量≤100ml,排量,0.0
2025,6,生产,三轮,100ml<排量≤150ml,排量,60054.0
2025,6,生产,三轮,150ml<排量≤250ml,排量,55118.0
2025,6,生产,二轮,250ml<排量≤400ml,排量,3533.0
2025,6,生产,三轮,400ml<排量≤750ml,排量,317.0
2025,6,生产,三轮,排量>750ml,排量,65.0
2025,6,生产,二轮,电动摩托车,排量,79948.0
2025,6,销售,总计,总计,汇总,1858586.0
2025,6,销售,二轮,跨骑式,车型,987254.0
2025,6,销售,二轮,弯梁式,车型,198969.0
2025,6,销售,二轮,踏板式,车型,468662.0
2025,6,销售,二轮,其它式,车型,0.0
2025,6,销售,二轮,排量≤50ml,排量,63278.0
2025,6,销售,二轮,50ml<排量≤60ml,排量,585.0
2025,6,销售,二轮,60ml<排量≤70ml,排量,902.0
2025,6,销售,二轮,70ml<排量≤80ml,排量,562.0
2025,6,销售,二轮,80ml<排量≤90ml,排量,1203.0
2025,6,销售,二轮,90ml<排量≤100ml,排量,45235.0
2025,6,销售,二轮,100ml<排量≤110ml,排量,151243.0
2025,6,销售,二轮,110ml<排量≤125ml,排量,525876.0
2025,6,销售,二轮,125ml<排量≤150ml,排量,429586.0
2025,6,销售,二轮,150ml<排量≤200ml,排量,123487.0
2025,6,销售,二轮,200ml<排量≤250ml,排量,50349.0
2025,6,销售,二轮,250ml<排量≤400ml,排量,53581.0
2025,6,销售,二轮,400ml<排量≤500ml,排量,25515.0
2025,6,销售,二轮,500ml<排量≤800ml,排量,21528.0
2025,6,销售,二轮,排量>800ml,排量,2348.0
2025,6,销售,二轮,电动摩托车,排量,159607.0
2025,6,销售,三轮,正三轮,车型,203631.0
2025,6,销售,三轮,边三轮,车型,70.0
2025,6,销售,二轮,排量≤50ml,排量,260.0
2025,6,销售,三轮,50ml<排量≤100ml,排量,1.0
2025,6,销售,三轮,100ml<排量≤150ml,排量,60488.0
2025,6,销售,三轮,150ml<排量≤250ml,排量,58317.0
2025,6,销售,二轮,250ml<排量≤400ml,排量,3523.0
2025,6,销售,三轮,400ml<排量≤750ml,排量,319.0
2025,6,销售,三轮,排量>750ml,排量,67.0
2025,6,销售,二轮,电动摩托车,排量,80726.0
2025,7,生产,总计,总计,汇总,1870979.0
2025,7,生产,二轮,跨骑式,车型,928070.0
2025,7,生产,二轮,弯梁式,车型,202536.0
2025,7,生产,二轮,踏板式,车型,528053.0
2025,7,生产,二轮,其它式,车型,0.0
2025,7,生产,二轮,排量≤50ml,排量,49613.0
2025,7,生产,二轮,50ml<排量≤60ml,排量,287.0
2025,7,生产,二轮,60ml<排量≤70ml,排量,810.0
2025,7,生产,二轮,70ml<排量≤80ml,排量,442.0
2025,7,生产,二轮,80ml<排量≤90ml,排量,220.0
2025,7,生产,二轮,90ml<排量≤100ml,排量,27608.0
2025,7,生产,二轮,100ml<排量≤110ml,排量,178818.0
2025,7,生产,二轮,110ml<排量≤125ml,排量,534138.0
2025,7,生产,二轮,125ml<排量≤150ml,排量,408111.0
2025,7,生产,二轮,150ml<排量≤200ml,排量,124865.0
2025,7,生产,二轮,200ml<排量≤250ml,排量,45667.0
2025,7,生产,二轮,250ml<排量≤400ml,排量,45270.0
2025,7,生产,二轮,400ml<排量≤500ml,排量,23076.0
2025,7,生产,二轮,500ml<排量≤800ml,排量,21336.0
2025,7,生产,二轮,排量>800ml,排量,1416.0
2025,7,生产,二轮,电动摩托车,排量,196982.0
2025,7,生产,三轮,正三轮,车型,212280.0
2025,7,生产,三轮,边三轮,车型,40.0
2025,7,生产,二轮,排量≤50ml,排量,200.0
2025,7,生产,三轮,50ml<排量≤100ml,排量,20.0
2025,7,生产,三轮,100ml<排量≤150ml,排量,56131.0
2025,7,生产,三轮,150ml<排量≤250ml,排量,62252.0
2025,7,生产,二轮,250ml<排量≤400ml,排量,4181.0
2025,7,生产,三轮,400ml<排量≤750ml,排量,146.0
2025,7,生产,三轮,排量>750ml,排量,98.0
2025,7,生产,二轮,电动摩托车,排量,89292.0
2025,7,销售,总计,总计,汇总,1877943.0
2025,7,销售,二轮,跨骑式,车型,945022.0
2025,7,销售,二轮,弯梁式,车型,205819.0
2025,7,销售,二轮,踏板式,车型,516602.0
2025,7,销售,二轮,其它式,车型,0.0
2025,7,销售,二轮,排量≤50ml,排量,53852.0
2025,7,销售,二轮,50ml<排量≤60ml,排量,282.0
2025,7,销售,二轮,60ml<排量≤70ml,排量,1032.0
2025,7,销售,二轮,70ml<排量≤80ml,排量,440.0
2025,7,销售,二轮,80ml<排量≤90ml,排量,748.0
2025,7,销售,二轮,90ml<排量≤100ml,排量,28381.0
2025,7,销售,二轮,100ml<排量≤110ml,排量,190141.0
2025,7,销售,二轮,110ml<排量≤125ml,排量,537462.0
2025,7,销售,二轮,125ml<排量≤150ml,排量,417092.0
2025,7,销售,二轮,150ml<排量≤200ml,排量,116949.0
2025,7,销售,二轮,200ml<排量≤250ml,排量,42451.0
2025,7,销售,二轮,250ml<排量≤400ml,排量,44212.0
2025,7,销售,二轮,400ml<排量≤500ml,排量,23867.0
2025,7,销售,二轮,500ml<排量≤800ml,排量,18877.0
2025,7,销售,二轮,排量>800ml,排量,1393.0
2025,7,销售,二轮,电动摩托车,排量,190264.0
2025,7,销售,三轮,正三轮,车型,210453.0
2025,7,销售,三轮,边三轮,车型,47.0
2025,7,销售,二轮,排量≤50ml,排量,200.0
2025,7,销售,三轮,50ml<排量≤100ml,排量,20.0
2025,7,销售,三轮,100ml<排量≤150ml,排量,56552.0
2025,7,销售,三轮,150ml<排量≤250ml,排量,60088.0
2025,7,销售,二轮,250ml<排量≤400ml,排量,4044.0
2025,7,销售,三轮,400ml<排量≤750ml,排量,141.0
2025,7,销售,三轮,排量>750ml,排量,99.0
2025,7,销售,二轮,电动摩托车,排量,89356.0
2025,8,生产,总计,总计,汇总,1880556.0
2025,8,生产,二轮,跨骑式,车型,983665.0
2025,8,生产,二轮,弯梁式,车型,183928.0
2025,8,生产,二轮,踏板式,车型,492277.0
2025,8,生产,二轮,其它式,车型,0.0
2025,8,生产,二轮,排量≤50ml,排量,43680.0
2025,8,生产,二轮,50ml<排量≤60ml,排量,408.0
2025,8,生产,二轮,60ml<排量≤70ml,排量,713.0
2025,8,生产,二轮,70ml<排量≤80ml,排量,403.0
2025,8,生产,二轮,80ml<排量≤90ml,排量,621.0
2025,8,生产,二轮,90ml<排量≤100ml,排量,19331.0
2025,8,生产,二轮,100ml<排量≤110ml,排量,182568.0
2025,8,生产,二轮,110ml<排量≤125ml,排量,531752.0
2025,8,生产,二轮,125ml<排量≤150ml,排量,419232.0
2025,8,生产,二轮,150ml<排量≤200ml,排量,135567.0
2025,8,生产,二轮,200ml<排量≤250ml,排量,48553.0
2025,8,生产,二轮,250ml<排量≤400ml,排量,47407.0
2025,8,生产,二轮,400ml<排量≤500ml,排量,17993.0
2025,8,生产,二轮,500ml<排量≤800ml,排量,17850.0
2025,8,生产,二轮,排量>800ml,排量,1041.0
2025,8,生产,二轮,电动摩托车,排量,192751.0
2025,8,生产,三轮,正三轮,车型,220507.0
2025,8,生产,三轮,边三轮,车型,179.0
2025,8,生产,二轮,排量≤50ml,排量,185.0
2025,8,生产,三轮,50ml<排量≤100ml,排量,21.0
2025,8,生产,三轮,100ml<排量≤150ml,排量,61647.0
2025,8,生产,三轮,150ml<排量≤250ml,排量,58828.0
2025,8,生产,二轮,250ml<排量≤400ml,排量,2271.0
2025,8,生产,三轮,400ml<排量≤750ml,排量,347.0
2025,8,生产,三轮,排量>750ml,排量,135.0
2025,8,生产,二轮,电动摩托车,排量,97252.0
2025,8,销售,总计,总计,汇总,1848831.0
2025,8,销售,二轮,跨骑式,车型,958926.0
2025,8,销售,二轮,弯梁式,车型,186809.0
2025,8,销售,二轮,踏板式,车型,483108.0
2025,8,销售,二轮,其它式,车型,0.0
2025,8,销售,二轮,排量≤50ml,排量,43668.0
2025,8,销售,二轮,50ml<排量≤60ml,排量,1041.0
2025,8,销售,二轮,60ml<排量≤70ml,排量,677.0
2025,8,销售,二轮,70ml<排量≤80ml,排量,399.0
2025,8,销售,二轮,80ml<排量≤90ml,排量,640.0
2025,8,销售,二轮,90ml<排量≤100ml,排量,19441.0
2025,8,销售,二轮,100ml<排量≤110ml,排量,177165.0
2025,8,销售,二轮,110ml<排量≤125ml,排量,528169.0
2025,8,销售,二轮,125ml<排量≤150ml,排量,400239.0
2025,8,销售,二轮,150ml<排量≤200ml,排量,138110.0
2025,8,销售,二轮,200ml<排量≤250ml,排量,46586.0
2025,8,销售,二轮,250ml<排量≤400ml,排量,47077.0
2025,8,销售,二轮,400ml<排量≤500ml,排量,17214.0
2025,8,销售,二轮,500ml<排量≤800ml,排量,19020.0
2025,8,销售,二轮,排量>800ml,排量,1162.0
2025,8,销售,二轮,电动摩托车,排量,188235.0
2025,8,销售,三轮,正三轮,车型,219771.0
2025,8,销售,三轮,边三轮,车型,217.0
2025,8,销售,二轮,排量≤50ml,排量,185.0
2025,8,销售,三轮,50ml<排量≤100ml,排量,21.0
2025,8,销售,三轮,100ml<排量≤150ml,排量,62099.0
2025,8,销售,三轮,150ml<排量≤250ml,排量,57522.0
2025,8,销售,二轮,250ml<排量≤400ml,排量,2578.0
2025,8,销售,三轮,400ml<排量≤750ml,排量,377.0
2025,8,销售,三轮,排量>750ml,排量,137.0
2025,8,销售,二轮,电动摩托车,排量,97069.0
2025,9,生产,总计,总计,汇总,1992316.0
2025,9,生产,二轮,跨骑式,车型,1018406.0
2025,9,生产,二轮,弯梁式,车型,215091.0
2025,9,生产,二轮,踏板式,车型,525742.0
2025,9,生产,二轮,其它式,车型,2.0
2025,9,生产,二轮,排量≤50ml,排量,48964.0
2025,9,生产,二轮,50ml<排量≤60ml,排量,1000.0
2025,9,生产,二轮,60ml<排量≤70ml,排量,989.0
2025,9,生产,二轮,70ml<排量≤80ml,排量,200.0
2025,9,生产,二轮,80ml<排量≤90ml,排量,427.0
2025,9,生产,二轮,90ml<排量≤100ml,排量,22953.0
2025,9,生产,二轮,100ml<排量≤110ml,排量,180981.0
2025,9,生产,二轮,110ml<排量≤125ml,排量,545685.0
2025,9,生产,二轮,125ml<排量≤150ml,排量,458150.0
2025,9,生产,二轮,150ml<排量≤200ml,排量,146963.0
2025,9,生产,二轮,200ml<排量≤250ml,排量,52295.0
2025,9,生产,二轮,250ml<排量≤400ml,排量,49892.0
2025,9,生产,二轮,400ml<排量≤500ml,排量,12629.0
2025,9,生产,二轮,500ml<排量≤800ml,排量,18369.0
2025,9,生产,二轮,排量>800ml,排量,2214.0
2025,9,生产,二轮,电动摩托车,排量,217530.0
2025,9,生产,三轮,正三轮,车型,232982.0
2025,9,生产,三轮,边三轮,车型,93.0
2025,9,生产,二轮,排量≤50ml,排量,200.0
2025,9,生产,三轮,50ml<排量≤100ml,排量,13.0
2025,9,生产,三轮,100ml<排量≤150ml,排量,63210.0
2025,9,生产,三轮,150ml<排量≤250ml,排量,58197.0
2025,9,生产,二轮,250ml<排量≤400ml,排量,2924.0
2025,9,生产,三轮,400ml<排量≤750ml,排量,233.0
2025,9,生产,三轮,排量>750ml,排量,106.0
2025,9,生产,二轮,电动摩托车,排量,108192.0
2025,9,销售,总计,总计,汇总,1988154.0
2025,9,销售,二轮,跨骑式,车型,1049086.0
2025,9,销售,二轮,弯梁式,车型,207378.0
2025,9,销售,二轮,踏板式,车型,493658.0
2025,9,销售,二轮,其它式,车型,2.0
2025,9,销售,二轮,排量≤50ml,排量,45170.0
2025,9,销售,二轮,50ml<排量≤60ml,排量,1016.0
2025,9,销售,二轮,60ml<排量≤70ml,排量,728.0
2025,9,销售,二轮,70ml<排量≤80ml,排量,200.0
2025,9,销售,二轮,80ml<排量≤90ml,排量,156.0
2025,9,销售,二轮,90ml<排量≤100ml,排量,23943.0
2025,9,销售,二轮,100ml<排量≤110ml,排量,177955.0
2025,9,销售,二轮,110ml<排量≤125ml,排量,553610.0
2025,9,销售,二轮,125ml<排量≤150ml,排量,468457.0
2025,9,销售,二轮,150ml<排量≤200ml,排量,149515.0
2025,9,销售,二轮,200ml<排量≤250ml,排量,46372.0
2025,9,销售,二轮,250ml<排量≤400ml,排量,52696.0
2025,9,销售,二轮,400ml<排量≤500ml,排量,15705.0
2025,9,销售,二轮,500ml<排量≤800ml,排量,16668.0
2025,9,销售,二轮,排量>800ml,排量,1541.0
2025,9,销售,二轮,电动摩托车,排量,196392.0
2025,9,销售,三轮,正三轮,车型,237948.0
2025,9,销售,三轮,边三轮,车型,82.0
2025,9,销售,二轮,排量≤50ml,排量,200.0
2025,9,销售,三轮,50ml<排量≤100ml,排量,13.0
2025,9,销售,三轮,100ml<排量≤150ml,排量,63213.0
2025,9,销售,三轮,150ml<排量≤250ml,排量,61669.0
2025,9,销售,二轮,250ml<排量≤400ml,排量,2801.0
2025,9,销售,三轮,400ml<排量≤750ml,排量,233.0
2025,9,销售,三轮,排量>750ml,排量,106.0
2025,9,销售,二轮,电动摩托车,排量,109795.0
2025,10,生产,总计,总计,汇总,1754267.0
2025,10,生产,二轮,跨骑式,车型,905210.0
2025,10,生产,二轮,弯梁式,车型,163932.0
2025,10,生产,二轮,踏板式,车型,428046.0
2025,10,生产,二轮,其它式,车型,684.0
2025,10,生产,二轮,排量≤50ml,排量,43388.0
2025,10,生产,二轮,50ml<排量≤60ml,排量,229.0
2025,10,生产,二轮,60ml<排量≤70ml,排量,670.0
2025,10,生产,二轮,70ml<排量≤80ml,排量,150.0
2025,10,生产,二轮,80ml<排量≤90ml,排量,379.0
2025,10,生产,二轮,90ml<排量≤100ml,排量,28678.0
2025,10,生产,二轮,100ml<排量≤110ml,排量,156097.0
2025,10,生产,二轮,110ml<排量≤125ml,排量,485937.0
2025,10,生产,二轮,125ml<排量≤150ml,排量,373180.0
2025,10,生产,二轮,150ml<排量≤200ml,排量,123539.0
2025,10,生产,二轮,200ml<排量≤250ml,排量,49652.0
2025,10,生产,二轮,250ml<排量≤400ml,排量,39890.0
2025,10,生产,二轮,400ml<排量≤500ml,排量,8838.0
2025,10,生产,二轮,500ml<排量≤800ml,排量,14124.0
2025,10,生产,二轮,排量>800ml,排量,888.0
2025,10,生产,二轮,电动摩托车,排量,172233.0
2025,10,生产,三轮,正三轮,车型,256354.0
2025,10,生产,三轮,边三轮,车型,41.0
2025,10,生产,二轮,排量≤50ml,排量,95.0
2025,10,生产,三轮,50ml<排量≤100ml,排量,30.0
2025,10,生产,三轮,100ml<排量≤150ml,排量,64007.0
2025,10,生产,三轮,150ml<排量≤250ml,排量,54857.0
2025,10,生产,二轮,250ml<排量≤400ml,排量,2262.0
2025,10,生产,三轮,400ml<排量≤750ml,排量,281.0
2025,10,生产,三轮,排量>750ml,排量,162.0
2025,10,生产,二轮,电动摩托车,排量,134701.0
2025,10,销售,总计,总计,汇总,1753581.0
2025,10,销售,二轮,跨骑式,车型,896702.0
2025,10,销售,二轮,弯梁式,车型,166355.0
2025,10,销售,二轮,踏板式,车型,437518.0
2025,10,销售,二轮,其它式,车型,0.0
2025,10,销售,二轮,排量≤50ml,排量,43068.0
2025,10,销售,二轮,50ml<排量≤60ml,排量,47.0
2025,10,销售,二轮,60ml<排量≤70ml,排量,746.0
2025,10,销售,二轮,70ml<排量≤80ml,排量,150.0
2025,10,销售,二轮,80ml<排量≤90ml,排量,583.0
2025,10,销售,二轮,90ml<排量≤100ml,排量,29827.0
2025,10,销售,二轮,100ml<排量≤110ml,排量,162629.0
2025,10,销售,二轮,110ml<排量≤125ml,排量,493410.0
2025,10,销售,二轮,125ml<排量≤150ml,排量,372957.0
2025,10,销售,二轮,150ml<排量≤200ml,排量,121709.0
2025,10,销售,二轮,200ml<排量≤250ml,排量,47213.0
2025,10,销售,二轮,250ml<排量≤400ml,排量,36071.0
2025,10,销售,二轮,400ml<排量≤500ml,排量,10442.0
2025,10,销售,二轮,500ml<排量≤800ml,排量,12657.0
2025,10,销售,二轮,排量>800ml,排量,1729.0
2025,10,销售,二轮,电动摩托车,排量,167337.0
2025,10,销售,三轮,正三轮,车型,252961.0
2025,10,销售,三轮,边三轮,车型,45.0
2025,10,销售,二轮,排量≤50ml,排量,95.0
2025,10,销售,三轮,50ml<排量≤100ml,排量,30.0
2025,10,销售,三轮,100ml<排量≤150ml,排量,64104.0
2025,10,销售,三轮,150ml<排量≤250ml,排量,52213.0
2025,10,销售,二轮,250ml<排量≤400ml,排量,2268.0
2025,10,销售,三轮,400ml<排量≤750ml,排量,282.0
2025,10,销售,三轮,排量>750ml,排量,161.0
2025,10,销售,二轮,电动摩托车,排量,133853.0
2025,11,生产,总计,总计,汇总,1846477.0
2025,11,生产,二轮,跨骑式,车型,935197.0
2025,11,生产,二轮,弯梁式,车型,198428.0
2025,11,生产,二轮,踏板式,车型,468429.0
2025,11,生产,二轮,其它式,车型,0.0
2025,11,生产,二轮,排量≤50ml,排量,34909.0
2025,11,生产,二轮,50ml<排量≤60ml,排量,26.0
2025,11,生产,二轮,60ml<排量≤70ml,排量,1570.0
2025,11,生产,二轮,70ml<排量≤80ml,排量,155.0
2025,11,生产,二轮,80ml<排量≤90ml,排量,194.0
2025,11,生产,二轮,90ml<排量≤100ml,排量,31129.0
2025,11,生产,二轮,100ml<排量≤110ml,排量,184389.0
2025,11,生产,二轮,110ml<排量≤125ml,排量,511609.0
2025,11,生产,二轮,125ml<排量≤150ml,排量,393042.0
2025,11,生产,二轮,150ml<排量≤200ml,排量,129066.0
2025,11,生产,二轮,200ml<排量≤250ml,排量,47811.0
2025,11,生产,二轮,250ml<排量≤400ml,排量,41233.0
2025,11,生产,二轮,400ml<排量≤500ml,排量,11326.0
2025,11,生产,二轮,500ml<排量≤800ml,排量,13159.0
2025,11,生产,二轮,排量>800ml,排量,1573.0
2025,11,生产,二轮,电动摩托车,排量,200863.0
2025,11,生产,三轮,正三轮,车型,244412.0
2025,11,生产,三轮,边三轮,车型,11.0
2025,11,生产,二轮,排量≤50ml,排量,105.0
2025,11,生产,三轮,50ml<排量≤100ml,排量,0.0
2025,11,生产,三轮,100ml<排量≤150ml,排量,66903.0
2025,11,生产,三轮,150ml<排量≤250ml,排量,57047.0
2025,11,生产,二轮,250ml<排量≤400ml,排量,2955.0
2025,11,生产,三轮,400ml<排量≤750ml,排量,1213.0
2025,11,生产,三轮,排量>750ml,排量,168.0
2025,11,生产,二轮,电动摩托车,排量,116032.0
2025,11,销售,总计,总计,汇总,1790093.0
2025,11,销售,二轮,跨骑式,车型,922720.0
2025,11,销售,二轮,弯梁式,车型,180300.0
2025,11,销售,二轮,踏板式,车型,450377.0
2025,11,销售,二轮,其它式,车型,684.0
2025,11,销售,二轮,排量≤50ml,排量,35134.0
2025,11,销售,二轮,50ml<排量≤60ml,排量,280.0
2025,11,销售,二轮,60ml<排量≤70ml,排量,612.0
2025,11,销售,二轮,70ml<排量≤80ml,排量,155.0
2025,11,销售,二轮,80ml<排量≤90ml,排量,367.0
2025,11,销售,二轮,90ml<排量≤100ml,排量,29162.0
2025,11,销售,二轮,100ml<排量≤110ml,排量,165886.0
2025,11,销售,二轮,110ml<排量≤125ml,排量,494889.0
2025,11,销售,二轮,125ml<排量≤150ml,排量,390782.0
2025,11,销售,二轮,150ml<排量≤200ml,排量,132503.0
2025,11,销售,二轮,200ml<排量≤250ml,排量,48476.0
2025,11,销售,二轮,250ml<排量≤400ml,排量,35187.0
2025,11,销售,二轮,400ml<排量≤500ml,排量,11883.0
2025,11,销售,二轮,500ml<排量≤800ml,排量,12849.0
2025,11,销售,二轮,排量>800ml,排量,1087.0
2025,11,销售,二轮,电动摩托车,排量,194829.0
2025,11,销售,三轮,正三轮,车型,235999.0
2025,11,销售,三轮,边三轮,车型,13.0
2025,11,销售,二轮,排量≤50ml,排量,105.0
2025,11,销售,三轮,50ml<排量≤100ml,排量,0.0
2025,11,销售,三轮,100ml<排量≤150ml,排量,62522.0
2025,11,销售,三轮,150ml<排量≤250ml,排量,55020.0
2025,11,销售,二轮,250ml<排量≤400ml,排量,2385.0
2025,11,销售,三轮,400ml<排量≤750ml,排量,1214.0
2025,11,销售,三轮,排量>750ml,排量,168.0
2025,11,销售,二轮,电动摩托车,排量,114598.0
2025,12,生产,总计,总计,汇总,2006317.0
2025,12,生产,二轮,跨骑式,车型,1016823.0
2025,12,生产,二轮,弯梁式,车型,205771.0
2025,12,生产,二轮,踏板式,车型,533320.0
2025,12,生产,二轮,其它式,车型,96.0
2025,12,生产,二轮,排量≤50ml,排量,40715.0
2025,12,生产,二轮,50ml<排量≤60ml,排量,314.0
2025,12,生产,二轮,60ml<排量≤70ml,排量,428.0
2025,12,生产,二轮,70ml<排量≤80ml,排量,150.0
2025,12,生产,二轮,80ml<排量≤90ml,排量,737.0
2025,12,生产,二轮,90ml<排量≤100ml,排量,41684.0
2025,12,生产,二轮,100ml<排量≤110ml,排量,218252.0
2025,12,生产,二轮,110ml<排量≤125ml,排量,615517.0
2025,12,生产,二轮,125ml<排量≤150ml,排量,406234.0
2025,12,生产,二轮,150ml<排量≤200ml,排量,110723.0
2025,12,生产,二轮,200ml<排量≤250ml,排量,45184.0
2025,12,生产,二轮,250ml<排量≤400ml,排量,29155.0
2025,12,生产,二轮,400ml<排量≤500ml,排量,9028.0
2025,12,生产,二轮,500ml<排量≤800ml,排量,13572.0
2025,12,生产,二轮,排量>800ml,排量,1904.0
2025,12,生产,二轮,电动摩托车,排量,222413.0
2025,12,生产,三轮,正三轮,车型,250291.0
2025,12,生产,三轮,边三轮,车型,16.0
2025,12,生产,二轮,排量≤50ml,排量,85.0
2025,12,生产,三轮,50ml<排量≤100ml,排量,0.0
2025,12,生产,三轮,100ml<排量≤150ml,排量,71354.0
2025,12,生产,三轮,150ml<排量≤250ml,排量,57917.0
2025,12,生产,二轮,250ml<排量≤400ml,排量,3809.0
2025,12,生产,三轮,400ml<排量≤750ml,排量,180.0
2025,12,生产,三轮,排量>750ml,排量,229.0
2025,12,生产,二轮,电动摩托车,排量,116733.0
2025,12,销售,总计,总计,汇总,1951311.0
2025,12,销售,二轮,跨骑式,车型,1043291.0
2025,12,销售,二轮,弯梁式,车型,191513.0
2025,12,销售,二轮,踏板式,车型,458657.0
2025,12,销售,二轮,其它式,车型,96.0
2025,12,销售,二轮,排量≤50ml,排量,37317.0
2025,12,销售,二轮,50ml<排量≤60ml,排量,249.0
2025,12,销售,二轮,60ml<排量≤70ml,排量,943.0
2025,12,销售,二轮,70ml<排量≤80ml,排量,150.0
2025,12,销售,二轮,80ml<排量≤90ml,排量,741.0
2025,12,销售,二轮,90ml<排量≤100ml,排量,40351.0
2025,12,销售,二轮,100ml<排量≤110ml,排量,208529.0
2025,12,销售,二轮,110ml<排量≤125ml,排量,564909.0
2025,12,销售,二轮,125ml<排量≤150ml,排量,414914.0
2025,12,销售,二轮,150ml<排量≤200ml,排量,120774.0
2025,12,销售,二轮,200ml<排量≤250ml,排量,50518.0
2025,12,销售,二轮,250ml<排量≤400ml,排量,45137.0
2025,12,销售,二轮,400ml<排量≤500ml,排量,9398.0
2025,12,销售,二轮,500ml<排量≤800ml,排量,12810.0
2025,12,销售,二轮,排量>800ml,排量,1548.0
2025,12,销售,二轮,电动摩托车,排量,185269.0
2025,12,销售,三轮,正三轮,车型,257734.0
2025,12,销售,三轮,边三轮,车型,20.0
2025,12,销售,二轮,排量≤50ml,排量,85.0
2025,12,销售,三轮,50ml<排量≤100ml,排量,0.0
2025,12,销售,三轮,100ml<排量≤150ml,排量,72189.0
2025,12,销售,三轮,150ml<排量≤250ml,排量,61862.0
2025,12,销售,二轮,250ml<排量≤400ml,排量,4295.0
2025,12,销售,三轮,400ml<排量≤750ml,排量,180.0
2025,12,销售,三轮,排量>750ml,排量,231.0
2025,12,销售,二轮,电动摩托车,排量,118912.0
2026,1,生产,总计,总计,汇总,2004613.0
2026,1,生产,二轮,跨骑式,车型,1047454.0
2026,1,生产,二轮,弯梁式,车型,206345.0
2026,1,生产,二轮,踏板式,车型,528369.0
2026,1,生产,二轮,其它式,车型,11598.0
2026,1,生产,二轮,排量≤50ml,排量,51943.0
2026,1,生产,二轮,50ml<排量≤60ml,排量,354.0
2026,1,生产,二轮,60ml<排量≤70ml,排量,572.0
2026,1,生产,二轮,70ml<排量≤80ml,排量,115.0
2026,1,生产,二轮,80ml<排量≤90ml,排量,2527.0
2026,1,生产,二轮,90ml<排量≤100ml,排量,26467.0
2026,1,生产,二轮,100ml<排量≤110ml,排量,212589.0
2026,1,生产,二轮,110ml<排量≤125ml,排量,579763.0
2026,1,生产,二轮,125ml<排量≤150ml,排量,444052.0
2026,1,生产,二轮,150ml<排量≤200ml,排量,129729.0
2026,1,生产,二轮,200ml<排量≤250ml,排量,55224.0
2026,1,生产,二轮,250ml<排量≤400ml,排量,35394.0
2026,1,生产,二轮,400ml<排量≤500ml,排量,12202.0
2026,1,生产,二轮,500ml<排量≤800ml,排量,15705.0
2026,1,生产,二轮,排量>800ml,排量,2261.0
2026,1,生产,二轮,电动摩托车,排量,224869.0
2026,1,生产,三轮,正三轮,车型,210840.0
2026,1,生产,三轮,边三轮,车型,7.0
2026,1,生产,二轮,排量≤50ml,排量,65.0
2026,1,生产,三轮,50ml<排量≤100ml,排量,0.0
2026,1,生产,三轮,100ml<排量≤150ml,排量,69026.0
2026,1,生产,三轮,150ml<排量≤250ml,排量,57167.0
2026,1,生产,二轮,250ml<排量≤400ml,排量,3031.0
2026,1,生产,三轮,400ml<排量≤750ml,排量,79.0
2026,1,生产,三轮,排量>750ml,排量,220.0
2026,1,生产,二轮,电动摩托车,排量,81259.0
2026,1,销售,总计,总计,汇总,2005096.0
2026,1,销售,二轮,跨骑式,车型,1052570.0
2026,1,销售,二轮,弯梁式,车型,229267.0
2026,1,销售,二轮,踏板式,车型,503933.0
2026,1,销售,二轮,其它式,车型,11512.0
2026,1,销售,二轮,排量≤50ml,排量,53887.0
2026,1,销售,二轮,50ml<排量≤60ml,排量,426.0
2026,1,销售,二轮,60ml<排量≤70ml,排量,1332.0
2026,1,销售,二轮,70ml<排量≤80ml,排量,115.0
2026,1,销售,二轮,80ml<排量≤90ml,排量,2007.0
2026,1,销售,二轮,90ml<排量≤100ml,排量,27156.0
2026,1,销售,二轮,100ml<排量≤110ml,排量,238262.0
2026,1,销售,二轮,110ml<排量≤125ml,排量,604060.0
2026,1,销售,二轮,125ml<排量≤150ml,排量,436545.0
2026,1,销售,二轮,150ml<排量≤200ml,排量,117359.0
2026,1,销售,二轮,200ml<排量≤250ml,排量,51732.0
2026,1,销售,二轮,250ml<排量≤400ml,排量,37135.0
2026,1,销售,二轮,400ml<排量≤500ml,排量,9256.0
2026,1,销售,二轮,500ml<排量≤800ml,排量,15445.0
2026,1,销售,二轮,排量>800ml,排量,1966.0
2026,1,销售,二轮,电动摩托车,排量,200599.0
2026,1,销售,三轮,正三轮,车型,207805.0
2026,1,销售,三轮,边三轮,车型,9.0
2026,1,销售,二轮,排量≤50ml,排量,65.0
2026,1,销售,三轮,50ml<排量≤100ml,排量,0.0
2026,1,销售,三轮,100ml<排量≤150ml,排量,66933.0
2026,1,销售,三轮,150ml<排量≤250ml,排量,56338.0
2026,1,销售,二轮,250ml<排量≤400ml,排量,3232.0
2026,1,销售,三轮,400ml<排量≤750ml,排量,99.0
2026,1,销售,三轮,排量>750ml,排量,220.0
2026,1,销售,二轮,电动摩托车,排量,80927.0
2026,2,生产,总计,总计,汇总,1196046.0
2026,2,生产,二轮,跨骑式,车型,691611.0
2026,2,生产,二轮,弯梁式,车型,115874.0
2026,2,生产,二轮,踏板式,车型,257315.0
2026,2,生产,二轮,其它式,车型,1964.0
2026,2,生产,二轮,排量≤50ml,排量,26213.0
2026,2,生产,二轮,50ml<排量≤60ml,排量,788.0
2026,2,生产,二轮,60ml<排量≤70ml,排量,449.0
2026,2,生产,二轮,70ml<排量≤80ml,排量,395.0
2026,2,生产,二轮,80ml<排量≤90ml,排量,505.0
2026,2,生产,二轮,90ml<排量≤100ml,排量,29455.0
2026,2,生产,二轮,100ml<排量≤110ml,排量,141301.0
2026,2,生产,二轮,110ml<排量≤125ml,排量,376722.0
2026,2,生产,二轮,125ml<排量≤150ml,排量,256244.0
2026,2,生产,二轮,150ml<排量≤200ml,排量,88488.0
2026,2,生产,二轮,200ml<排量≤250ml,排量,32970.0
2026,2,生产,二轮,250ml<排量≤400ml,排量,22297.0
2026,2,生产,二轮,400ml<排量≤500ml,排量,6914.0
2026,2,生产,二轮,500ml<排量≤800ml,排量,7152.0
2026,2,生产,二轮,排量>800ml,排量,2737.0
2026,2,生产,二轮,电动摩托车,排量,74134.0
2026,2,生产,三轮,正三轮,车型,129282.0
2026,2,生产,三轮,边三轮,车型,0.0
2026,2,生产,二轮,排量≤50ml,排量,95.0
2026,2,生产,三轮,50ml<排量≤100ml,排量,0.0
2026,2,生产,三轮,100ml<排量≤150ml,排量,43916.0
2026,2,生产,三轮,150ml<排量≤250ml,排量,45978.0
2026,2,生产,二轮,250ml<排量≤400ml,排量,2282.0
2026,2,生产,三轮,400ml<排量≤750ml,排量,24.0
2026,2,生产,三轮,排量>750ml,排量,179.0
2026,2,生产,二轮,电动摩托车,排量,36808.0
2026,2,销售,总计,总计,汇总,1337425.0
2026,2,销售,二轮,跨骑式,车型,784894.0
2026,2,销售,二轮,弯梁式,车型,121822.0
2026,2,销售,二轮,踏板式,车型,286815.0
2026,2,销售,二轮,其它式,车型,5890.0
2026,2,销售,二轮,排量≤50ml,排量,28158.0
2026,2,销售,二轮,50ml<排量≤60ml,排量,503.0
2026,2,销售,二轮,60ml<排量≤70ml,排量,742.0
2026,2,销售,二轮,70ml<排量≤80ml,排量,395.0
2026,2,销售,二轮,80ml<排量≤90ml,排量,922.0
2026,2,销售,二轮,90ml<排量≤100ml,排量,31610.0
2026,2,销售,二轮,100ml<排量≤110ml,排量,158029.0
2026,2,销售,二轮,110ml<排量≤125ml,排量,417476.0
2026,2,销售,二轮,125ml<排量≤150ml,排量,286677.0
2026,2,销售,二轮,150ml<排量≤200ml,排量,107304.0
2026,2,销售,二轮,200ml<排量≤250ml,排量,40015.0
2026,2,销售,二轮,250ml<排量≤400ml,排量,24741.0
2026,2,销售,二轮,400ml<排量≤500ml,排量,8710.0
2026,2,销售,二轮,500ml<排量≤800ml,排量,9097.0
2026,2,销售,二轮,排量>800ml,排量,3319.0
2026,2,销售,二轮,电动摩托车,排量,81723.0
2026,2,销售,三轮,正三轮,车型,138002.0
2026,2,销售,三轮,边三轮,车型,2.0
2026,2,销售,二轮,排量≤50ml,排量,95.0
2026,2,销售,三轮,50ml<排量≤100ml,排量,0.0
2026,2,销售,三轮,100ml<排量≤150ml,排量,48808.0
2026,2,销售,三轮,150ml<排量≤250ml,排量,48166.0
2026,2,销售,二轮,250ml<排量≤400ml,排量,2168.0
2026,2,销售,三轮,400ml<排量≤750ml,排量,24.0
2026,2,销售,三轮,排量>750ml,排量,179.0
2026,2,销售,二轮,电动摩托车,排量,38564.0
2026,3,生产,总计,总计,汇总,2103304.0
2026,3,生产,二轮,跨骑式,车型,1055731.0
2026,3,生产,二轮,弯梁式,车型,224037.0
2026,3,生产,二轮,踏板式,车型,545385.0
2026,3,生产,二轮,其它式,车型,6823.0
2026,3,生产,二轮,排量≤50ml,排量,54057.0
2026,3,生产,二轮,50ml<排量≤60ml,排量,7410.0
2026,3,生产,二轮,60ml<排量≤70ml,排量,784.0
2026,3,生产,二轮,70ml<排量≤80ml,排量,135.0
2026,3,生产,二轮,80ml<排量≤90ml,排量,599.0
2026,3,生产,二轮,90ml<排量≤100ml,排量,29860.0
2026,3,生产,二轮,100ml<排量≤110ml,排量,223007.0
2026,3,生产,二轮,110ml<排量≤125ml,排量,559783.0
2026,3,生产,二轮,125ml<排量≤150ml,排量,456997.0
2026,3,生产,二轮,150ml<排量≤200ml,排量,122715.0
2026,3,生产,二轮,200ml<排量≤250ml,排量,51834.0
2026,3,生产,二轮,250ml<排量≤400ml,排量,40000.0
2026,3,生产,二轮,400ml<排量≤500ml,排量,18048.0
2026,3,生产,二轮,500ml<排量≤800ml,排量,16191.0
2026,3,生产,二轮,排量>800ml,排量,4273.0
2026,3,生产,二轮,电动摩托车,排量,246283.0
2026,3,生产,三轮,正三轮,车型,271240.0
2026,3,生产,三轮,边三轮,车型,88.0
2026,3,生产,二轮,排量≤50ml,排量,155.0
2026,3,生产,三轮,50ml<排量≤100ml,排量,0.0
2026,3,生产,三轮,100ml<排量≤150ml,排量,75194.0
2026,3,生产,三轮,150ml<排量≤250ml,排量,66963.0
2026,3,生产,二轮,250ml<排量≤400ml,排量,3599.0
2026,3,生产,三轮,400ml<排量≤750ml,排量,56.0
2026,3,生产,三轮,排量>750ml,排量,485.0
2026,3,生产,二轮,电动摩托车,排量,124876.0
2026,3,销售,总计,总计,汇总,2034117.0
2026,3,销售,二轮,跨骑式,车型,1007817.0
2026,3,销售,二轮,弯梁式,车型,200715.0
2026,3,销售,二轮,踏板式,车型,557948.0
2026,3,销售,二轮,其它式,车型,4532.0
2026,3,销售,二轮,排量≤50ml,排量,50950.0
2026,3,销售,二轮,50ml<排量≤60ml,排量,8025.0
2026,3,销售,二轮,60ml<排量≤70ml,排量,740.0
2026,3,销售,二轮,70ml<排量≤80ml,排量,135.0
2026,3,销售,二轮,80ml<排量≤90ml,排量,773.0
2026,3,销售,二轮,90ml<排量≤100ml,排量,31000.0
2026,3,销售,二轮,100ml<排量≤110ml,排量,201207.0
2026,3,销售,二轮,110ml<排量≤125ml,排量,546617.0
2026,3,销售,二轮,125ml<排量≤150ml,排量,428303.0
2026,3,销售,二轮,150ml<排量≤200ml,排量,116173.0
2026,3,销售,二轮,200ml<排量≤250ml,排量,54676.0
2026,3,销售,二轮,250ml<排量≤400ml,排量,42248.0
2026,3,销售,二轮,400ml<排量≤500ml,排量,17210.0
2026,3,销售,二轮,500ml<排量≤800ml,排量,15966.0
2026,3,销售,二轮,排量>800ml,排量,2278.0
2026,3,销售,二轮,电动摩托车,排量,254711.0
2026,3,销售,三轮,正三轮,车型,263048.0
2026,3,销售,三轮,边三轮,车型,57.0
2026,3,销售,二轮,排量≤50ml,排量,155.0
2026,3,销售,三轮,50ml<排量≤100ml,排量,0.0
2026,3,销售,三轮,100ml<排量≤150ml,排量,71289.0
2026,3,销售,三轮,150ml<排量≤250ml,排量,64380.0
2026,3,销售,二轮,250ml<排量≤400ml,排量,3513.0
2026,3,销售,三轮,400ml<排量≤750ml,排量,23.0
2026,3,销售,三轮,排量>750ml,排量,483.0
2026,3,销售,二轮,电动摩托车,排量,123262.0
2026,4,生产,总计,总计,汇总,2278878.0
2026,4,生产,二轮,跨骑式,车型,1115355.0
2026,4,生产,二轮,弯梁式,车型,266679.0
2026,4,生产,二轮,踏板式,车型,618182.0
2026,4,生产,二轮,其它式,车型,3072.0
2026,4,生产,二轮,排量≤50ml,排量,73516.0
2026,4,生产,二轮,50ml<排量≤60ml,排量,5948.0
2026,4,生产,二轮,60ml<排量≤70ml,排量,1011.0
2026,4,生产,二轮,70ml<排量≤80ml,排量,450.0
2026,4,生产,二轮,80ml<排量≤90ml,排量,668.0
2026,4,生产,二轮,90ml<排量≤100ml,排量,33889.0
2026,4,生产,二轮,100ml<排量≤110ml,排量,220614.0
2026,4,生产,二轮,110ml<排量≤125ml,排量,561855.0
2026,4,生产,二轮,125ml<排量≤150ml,排量,511974.0
2026,4,生产,二轮,150ml<排量≤200ml,排量,151700.0
2026,4,生产,二轮,200ml<排量≤250ml,排量,65531.0
2026,4,生产,二轮,250ml<排量≤400ml,排量,58210.0
2026,4,生产,二轮,400ml<排量≤500ml,排量,22096.0
2026,4,生产,二轮,500ml<排量≤800ml,排量,19854.0
2026,4,生产,二轮,排量>800ml,排量,4213.0
2026,4,生产,二轮,电动摩托车,排量,271759.0
2026,4,生产,三轮,正三轮,车型,275386.0
2026,4,生产,三轮,边三轮,车型,204.0
2026,4,生产,二轮,排量≤50ml,排量,260.0
2026,4,生产,三轮,50ml<排量≤100ml,排量,0.0
2026,4,生产,三轮,100ml<排量≤150ml,排量,79324.0
2026,4,生产,三轮,150ml<排量≤250ml,排量,69161.0
2026,4,生产,二轮,250ml<排量≤400ml,排量,2849.0
2026,4,生产,三轮,400ml<排量≤750ml,排量,143.0
2026,4,生产,三轮,排量>750ml,排量,294.0
2026,4,生产,二轮,电动摩托车,排量,123559.0
2026,4,销售,总计,总计,汇总,2271570.0
2026,4,销售,二轮,跨骑式,车型,1115290.0
2026,4,销售,二轮,弯梁式,车型,267241.0
2026,4,销售,二轮,踏板式,车型,611699.0
2026,4,销售,二轮,其它式,车型,2558.0
2026,4,销售,二轮,排量≤50ml,排量,71306.0
2026,4,销售,二轮,50ml<排量≤60ml,排量,5948.0
2026,4,销售,二轮,60ml<排量≤70ml,排量,1148.0
2026,4,销售,二轮,70ml<排量≤80ml,排量,450.0
2026,4,销售,二轮,80ml<排量≤90ml,排量,611.0
2026,4,销售,二轮,90ml<排量≤100ml,排量,32087.0
2026,4,销售,二轮,100ml<排量≤110ml,排量,228563.0
2026,4,销售,二轮,110ml<排量≤125ml,排量,580821.0
2026,4,销售,二轮,125ml<排量≤150ml,排量,501158.0
2026,4,销售,二轮,150ml<排量≤200ml,排量,141251.0
2026,4,销售,二轮,200ml<排量≤250ml,排量,66018.0
2026,4,销售,二轮,250ml<排量≤400ml,排量,54971.0
2026,4,销售,二轮,400ml<排量≤500ml,排量,23950.0
2026,4,销售,二轮,500ml<排量≤800ml,排量,20371.0
2026,4,销售,二轮,排量>800ml,排量,4330.0
2026,4,销售,二轮,电动摩托车,排量,263805.0
2026,4,销售,三轮,正三轮,车型,274658.0
2026,4,销售,三轮,边三轮,车型,124.0
2026,4,销售,二轮,排量≤50ml,排量,260.0
2026,4,销售,三轮,50ml<排量≤100ml,排量,0.0
2026,4,销售,三轮,100ml<排量≤150ml,排量,79842.0
2026,4,销售,三轮,150ml<排量≤250ml,排量,71444.0
2026,4,销售,二轮,250ml<排量≤400ml,排量,2933.0
2026,4,销售,三轮,400ml<排量≤750ml,排量,102.0
2026,4,销售,三轮,排量>750ml,排量,322.0
2026,4,销售,二轮,电动摩托车,排量,119879.0
2026,5,生产,总计,总计,汇总,2217968.0
2026,5,生产,二轮,跨骑式,车型,1163781.0
2026,5,生产,二轮,弯梁式,车型,246157.0
2026,5,生产,二轮,踏板式,车型,566975.0
2026,5,生产,二轮,其它式,车型,5775.0
2026,5,生产,二轮,排量≤50ml,排量,59356.0
2026,5,生产,二轮,50ml<排量≤60ml,排量,7444.0
2026,5,生产,二轮,60ml<排量≤70ml,排量,689.0
2026,5,生产,二轮,70ml<排量≤80ml,排量,480.0
2026,5,生产,二轮,80ml<排量≤90ml,排量,635.0
2026,5,生产,二轮,90ml<排量≤100ml,排量,23038.0
2026,5,生产,二轮,100ml<排量≤110ml,排量,222493.0
2026,5,生产,二轮,110ml<排量≤125ml,排量,604042.0
2026,5,生产,二轮,125ml<排量≤150ml,排量,502645.0
2026,5,生产,二轮,150ml<排量≤200ml,排量,158852.0
2026,5,生产,二轮,200ml<排量≤250ml,排量,70161.0
2026,5,生产,二轮,250ml<排量≤400ml,排量,55012.0
2026,5,生产,二轮,400ml<排量≤500ml,排量,23186.0
2026,5,生产,二轮,500ml<排量≤800ml,排量,22333.0
2026,5,生产,二轮,排量>800ml,排量,4105.0
2026,5,生产,二轮,电动摩托车,排量,228217.0
2026,5,生产,三轮,正三轮,车型,235229.0
2026,5,生产,三轮,边三轮,车型,51.0
2026,5,生产,二轮,排量≤50ml,排量,250.0
2026,5,生产,三轮,50ml<排量≤100ml,排量,0.0
2026,5,生产,三轮,100ml<排量≤150ml,排量,68742.0
2026,5,生产,三轮,150ml<排量≤250ml,排量,62518.0
2026,5,生产,二轮,250ml<排量≤400ml,排量,2435.0
2026,5,生产,三轮,400ml<排量≤750ml,排量,75.0
2026,5,生产,三轮,排量>750ml,排量,129.0
2026,5,生产,二轮,电动摩托车,排量,101131.0
2026,5,销售,总计,总计,汇总,2151632.0
2026,5,销售,二轮,跨骑式,车型,1118831.0
2026,5,销售,二轮,弯梁式,车型,247506.0
2026,5,销售,二轮,踏板式,车型,546319.0
2026,5,销售,二轮,其它式,车型,3883.0
2026,5,销售,二轮,排量≤50ml,排量,51110.0
2026,5,销售,二轮,50ml<排量≤60ml,排量,7254.0
2026,5,销售,二轮,60ml<排量≤70ml,排量,551.0
2026,5,销售,二轮,70ml<排量≤80ml,排量,480.0
2026,5,销售,二轮,80ml<排量≤90ml,排量,472.0
2026,5,销售,二轮,90ml<排量≤100ml,排量,26607.0
2026,5,销售,二轮,100ml<排量≤110ml,排量,217748.0
2026,5,销售,二轮,110ml<排量≤125ml,排量,585739.0
2026,5,销售,二轮,125ml<排量≤150ml,排量,483687.0
2026,5,销售,二轮,150ml<排量≤200ml,排量,153464.0
2026,5,销售,二轮,200ml<排量≤250ml,排量,73508.0
2026,5,销售,二轮,250ml<排量≤400ml,排量,50808.0
2026,5,销售,二轮,400ml<排量≤500ml,排量,25107.0
2026,5,销售,二轮,500ml<排量≤800ml,排量,22540.0
2026,5,销售,二轮,排量>800ml,排量,3495.0
2026,5,销售,二轮,电动摩托车,排量,213969.0
2026,5,销售,三轮,正三轮,车型,235050.0
2026,5,销售,三轮,边三轮,车型,43.0
2026,5,销售,二轮,排量≤50ml,排量,250.0
2026,5,销售,三轮,50ml<排量≤100ml,排量,0.0
2026,5,销售,三轮,100ml<排量≤150ml,排量,70529.0
2026,5,销售,三轮,150ml<排量≤250ml,排量,60498.0
2026,5,销售,二轮,250ml<排量≤400ml,排量,2472.0
2026,5,销售,三轮,400ml<排量≤750ml,排量,66.0
2026,5,销售,三轮,排量>750ml,排量,128.0
2026,5,销售,二轮,电动摩托车,排量,101150.0
2026,6,生产,总计,总计,汇总,2263834.0
2026,6,生产,二轮,跨骑式,车型,1102157.0
2026,6,生产,二轮,弯梁式,车型,225550.0
2026,6,生产,二轮,踏板式,车型,701239.0
2026,6,生产,二轮,其它式,车型,4288.0
2026,6,生产,二轮,排量≤50ml,排量,50750.0
2026,6,生产,二轮,50ml<排量≤60ml,排量,10597.0
2026,6,生产,二轮,60ml<排量≤70ml,排量,509.0
2026,6,生产,二轮,70ml<排量≤80ml,排量,594.0
2026,6,生产,二轮,80ml<排量≤90ml,排量,439.0
2026,6,生产,二轮,90ml<排量≤100ml,排量,30029.0
2026,6,生产,二轮,100ml<排量≤110ml,排量,202264.0
2026,6,生产,二轮,110ml<排量≤125ml,排量,563612.0
2026,6,生产,二轮,125ml<排量≤150ml,排量,503205.0
2026,6,生产,二轮,150ml<排量≤200ml,排量,153275.0
2026,6,生产,二轮,200ml<排量≤250ml,排量,83866.0
2026,6,生产,二轮,250ml<排量≤400ml,排量,59588.0
2026,6,生产,二轮,400ml<排量≤500ml,排量,25345.0
2026,6,生产,二轮,500ml<排量≤800ml,排量,21255.0
2026,6,生产,二轮,排量>800ml,排量,4694.0
2026,6,生产,二轮,电动摩托车,排量,323212.0
2026,6,生产,三轮,正三轮,车型,230553.0
2026,6,生产,三轮,边三轮,车型,47.0
2026,6,生产,二轮,排量≤50ml,排量,185.0
2026,6,生产,三轮,50ml<排量≤100ml,排量,0.0
2026,6,生产,三轮,100ml<排量≤150ml,排量,66619.0
2026,6,生产,三轮,150ml<排量≤250ml,排量,63877.0
2026,6,生产,二轮,250ml<排量≤400ml,排量,2649.0
2026,6,生产,三轮,400ml<排量≤750ml,排量,60.0
2026,6,生产,三轮,排量>750ml,排量,146.0
2026,6,生产,二轮,电动摩托车,排量,97064.0
2026,6,销售,总计,总计,汇总,2250433.0
2026,6,销售,二轮,跨骑式,车型,1098676.0
2026,6,销售,二轮,弯梁式,车型,233424.0
2026,6,销售,二轮,踏板式,车型,677633.0
2026,6,销售,二轮,其它式,车型,6854.0
2026,6,销售,二轮,排量≤50ml,排量,47719.0
2026,6,销售,二轮,50ml<排量≤60ml,排量,10766.0
2026,6,销售,二轮,60ml<排量≤70ml,排量,549.0
2026,6,销售,二轮,70ml<排量≤80ml,排量,594.0
2026,6,销售,二轮,80ml<排量≤90ml,排量,484.0
2026,6,销售,二轮,90ml<排量≤100ml,排量,23492.0
2026,6,销售,二轮,100ml<排量≤110ml,排量,211138.0
2026,6,销售,二轮,110ml<排量≤125ml,排量,565863.0
2026,6,销售,二轮,125ml<排量≤150ml,排量,508964.0
2026,6,销售,二轮,150ml<排量≤200ml,排量,154088.0
2026,6,销售,二轮,200ml<排量≤250ml,排量,75998.0
2026,6,销售,二轮,250ml<排量≤400ml,排量,62371.0
2026,6,销售,二轮,400ml<排量≤500ml,排量,25121.0
2026,6,销售,二轮,500ml<排量≤800ml,排量,21163.0
2026,6,销售,二轮,排量>800ml,排量,4732.0
2026,6,销售,二轮,电动摩托车,排量,303545.0
2026,6,销售,三轮,正三轮,车型,233797.0
2026,6,销售,三轮,边三轮,车型,49.0
2026,6,销售,二轮,排量≤50ml,排量,185.0
2026,6,销售,三轮,50ml<排量≤100ml,排量,0.0
2026,6,销售,三轮,100ml<排量≤150ml,排量,66264.0
2026,6,销售,三轮,150ml<排量≤250ml,排量,62073.0
2026,6,销售,二轮,250ml<排量≤400ml,排量,2726.0
2026,6,销售,三轮,400ml<排量≤750ml,排量,62.0
2026,6,销售,三轮,排量>750ml,排量,146.0
2026,6,销售,二轮,电动摩托车,排量,102390.0
2026,7,生产,总计,总计,汇总,2269569.0
2026,7,生产,二轮,跨骑式,车型,1142463.0
2026,7,生产,二轮,弯梁式,车型,265022.0
2026,7,生产,二轮,踏板式,车型,625857.0
2026,7,生产,二轮,其它式,车型,3929.0
2026,7,生产,二轮,排量≤50ml,排量,51318.0
2026,7,生产,二轮,50ml<排量≤60ml,排量,12958.0
2026,7,生产,二轮,60ml<排量≤70ml,排量,280.0
2026,7,生产,二轮,70ml<排量≤80ml,排量,350.0
2026,7,生产,二轮,80ml<排量≤90ml,排量,785.0
2026,7,生产,二轮,90ml<排量≤100ml,排量,25709.0
2026,7,生产,二轮,100ml<排量≤110ml,排量,234546.0
2026,7,生产,二轮,110ml<排量≤125ml,排量,596733.0
2026,7,生产,二轮,125ml<排量≤150ml,排量,524525.0
2026,7,生产,二轮,150ml<排量≤200ml,排量,179311.0
2026,7,生产,二轮,200ml<排量≤250ml,排量,83424.0
2026,7,生产,二轮,250ml<排量≤400ml,排量,50021.0
2026,7,生产,二轮,400ml<排量≤500ml,排量,24472.0
2026,7,生产,二轮,500ml<排量≤800ml,排量,25336.0
2026,7,生产,二轮,排量>800ml,排量,5028.0
2026,7,生产,二轮,电动摩托车,排量,222475.0
2026,7,生产,三轮,正三轮,车型,232259.0
2026,7,生产,三轮,边三轮,车型,39.0
2026,7,生产,二轮,排量≤50ml,排量,220.0
2026,7,生产,三轮,50ml<排量≤100ml,排量,0.0
2026,7,生产,三轮,100ml<排量≤150ml,排量,66814.0
2026,7,生产,三轮,150ml<排量≤250ml,排量,53681.0
2026,7,生产,二轮,250ml<排量≤400ml,排量,2606.0
2026,7,生产,三轮,400ml<排量≤750ml,排量,218.0
2026,7,生产,三轮,排量>750ml,排量,112.0
2026,7,生产,二轮,电动摩托车,排量,108647.0
2026,7,销售,总计,总计,汇总,2220826.0
2026,7,销售,二轮,跨骑式,车型,1138843.0
2026,7,销售,二轮,弯梁式,车型,257722.0
2026,7,销售,二轮,踏板式,车型,591210.0
2026,7,销售,二轮,其它式,车型,3076.0
2026,7,销售,二轮,排量≤50ml,排量,52038.0
2026,7,销售,二轮,50ml<排量≤60ml,排量,12975.0
2026,7,销售,二轮,60ml<排量≤70ml,排量,425.0
2026,7,销售,二轮,70ml<排量≤80ml,排量,350.0
2026,7,销售,二轮,80ml<排量≤90ml,排量,725.0
2026,7,销售,二轮,90ml<排量≤100ml,排量,23282.0
2026,7,销售,二轮,100ml<排量≤110ml,排量,225436.0
2026,7,销售,二轮,110ml<排量≤125ml,排量,591614.0
2026,7,销售,二轮,125ml<排量≤150ml,排量,511059.0
2026,7,销售,二轮,150ml<排量≤200ml,排量,174628.0
2026,7,销售,二轮,200ml<排量≤250ml,排量,81307.0
2026,7,销售,二轮,250ml<排量≤400ml,排量,50073.0
2026,7,销售,二轮,400ml<排量≤500ml,排量,20938.0
2026,7,销售,二轮,500ml<排量≤800ml,排量,24569.0
2026,7,销售,二轮,排量>800ml,排量,5301.0
2026,7,销售,二轮,电动摩托车,排量,216131.0
2026,7,销售,三轮,正三轮,车型,229968.0
2026,7,销售,三轮,边三轮,车型,7.0
2026,7,销售,二轮,排量≤50ml,排量,220.0
2026,7,销售,三轮,50ml<排量≤100ml,排量,0.0
2026,7,销售,三轮,100ml<排量≤150ml,排量,68066.0
2026,7,销售,三轮,150ml<排量≤250ml,排量,53774.0
2026,7,销售,二轮,250ml<排量≤400ml,排量,2489.0
2026,7,销售,三轮,400ml<排量≤750ml,排量,221.0
2026,7,销售,三轮,排量>750ml,排量,113.0
2026,7,销售,二轮,电动摩托车,排量,105092.0
