year,month,scope,category,type,value
2016,2,二轮,排量≤50ml,排量,49437.0
2016,2,二轮,50ml<排量≤100ml,排量,18833.0
2016,2,二轮,100ml<排量≤125ml,排量,279327.0
2016,2,二轮,125ml<排量≤150ml,排量,102314.0
2016,2,二轮,150ml<排量≤200ml,排量,46894.0
2016,2,二轮,200ml<排量≤250ml,排量,13804.0
2016,2,二轮,250ml<排量≤400ml,排量,907.0
2016,2,二轮,400ml<排量≤500ml,排量,45.0
2016,2,二轮,500ml<排量≤800ml,排量,68.0
2016,2,二轮,排量>800ml,排量,17.0
2016,2,总计,总计,总量,511646.0
2016,3,二轮,排量≤50ml,排量,52409.0
2016,3,二轮,50ml<排量≤100ml,排量,16633.0
2016,3,二轮,100ml<排量≤125ml,排量,366533.0
2016,3,二轮,125ml<排量≤150ml,排量,163757.0
2016,3,二轮,150ml<排量≤200ml,排量,39762.0
2016,3,二轮,200ml<排量≤250ml,排量,8035.0
2016,3,二轮,250ml<排量≤400ml,排量,1078.0
2016,3,二轮,400ml<排量≤500ml,排量,0.0
2016,3,二轮,500ml<排量≤800ml,排量,128.0
2016,3,二轮,排量>800ml,排量,0.0
2016,3,总计,总计,总量,648335.0
2016,4,二轮,排量≤50ml,排量,63645.0
2016,4,二轮,50ml<排量≤100ml,排量,21876.0
2016,4,二轮,100ml<排量≤125ml,排量,384854.0
2016,4,二轮,125ml<排量≤150ml,排量,149514.0
2016,4,二轮,150ml<排量≤200ml,排量,46482.0
2016,4,二轮,200ml<排量≤250ml,排量,8791.0
2016,4,二轮,250ml<排量≤400ml,排量,1704.0
2016,4,二轮,400ml<排量≤500ml,排量,39.0
2016,4,二轮,500ml<排量≤800ml,排量,155.0
2016,4,二轮,排量>800ml,排量,0.0
2016,4,总计,总计,总量,677060.0
2016,5,二轮,排量≤50ml,排量,71631.0
2016,5,二轮,50ml<排量≤100ml,排量,26810.0
2016,5,二轮,100ml<排量≤125ml,排量,386306.0
2016,5,二轮,125ml<排量≤150ml,排量,177581.0
2016,5,二轮,150ml<排量≤200ml,排量,60084.0
2016,5,二轮,200ml<排量≤250ml,排量,15810.0
2016,5,二轮,250ml<排量≤400ml,排量,2966.0
2016,5,二轮,400ml<排量≤500ml,排量,43.0
2016,5,二轮,500ml<排量≤800ml,排量,357.0
2016,5,二轮,排量>800ml,排量,3.0
2016,5,总计,总计,总量,741591.0
2016,6,二轮,排量≤50ml,排量,65785.0
2016,6,二轮,50ml<排量≤100ml,排量,29208.0
2016,6,二轮,100ml<排量≤125ml,排量,389002.0
2016,6,二轮,125ml<排量≤150ml,排量,179245.0
2016,6,二轮,150ml<排量≤200ml,排量,53646.0
2016,6,二轮,200ml<排量≤250ml,排量,14580.0
2016,6,二轮,250ml<排量≤400ml,排量,2107.0
2016,6,二轮,400ml<排量≤500ml,排量,58.0
2016,6,二轮,500ml<排量≤800ml,排量,272.0
2016,6,二轮,排量>800ml,排量,4.0
2016,6,总计,总计,总量,733907.0
2016,7,二轮,排量≤50ml,排量,47262.0
2016,7,二轮,50ml<排量≤100ml,排量,27446.0
2016,7,二轮,100ml<排量≤125ml,排量,387079.0
2016,7,二轮,125ml<排量≤150ml,排量,172930.0
2016,7,二轮,150ml<排量≤200ml,排量,55761.0
2016,7,二轮,200ml<排量≤250ml,排量,13348.0
2016,7,二轮,250ml<排量≤400ml,排量,2094.0
2016,7,二轮,400ml<排量≤500ml,排量,18.0
2016,7,二轮,500ml<排量≤800ml,排量,109.0
2016,7,二轮,排量>800ml,排量,0.0
2016,7,总计,总计,总量,706047.0
2017,8,二轮,排量≤50ml,排量,69667.0
2017,8,二轮,50ml<排量≤100ml,排量,25472.0
2017,8,二轮,100ml<排量≤125ml,排量,396421.0
2017,8,二轮,125ml<排量≤150ml,排量,209702.0
2017,8,二轮,150ml<排量≤200ml,排量,65683.0
2017,8,二轮,200ml<排量≤250ml,排量,19453.0
2017,8,二轮,250ml<排量≤400ml,排量,7118.0
2017,8,二轮,400ml<排量≤500ml,排量,718.0
2017,8,二轮,500ml<排量≤800ml,排量,581.0
2017,8,二轮,排量>800ml,排量,0.0
2017,8,总计,总计,总量,794815.0
2017,9,二轮,排量≤50ml,排量,58735.0
2017,9,二轮,50ml<排量≤100ml,排量,21999.0
2017,9,二轮,100ml<排量≤125ml,排量,381440.0
2017,9,二轮,125ml<排量≤150ml,排量,180297.0
2017,9,二轮,150ml<排量≤200ml,排量,67946.0
2017,9,二轮,200ml<排量≤250ml,排量,20352.0
2017,9,二轮,250ml<排量≤400ml,排量,6330.0
2017,9,二轮,400ml<排量≤500ml,排量,227.0
2017,9,二轮,500ml<排量≤800ml,排量,78.0
2017,9,二轮,排量>800ml,排量,0.0
2017,9,总计,总计,总量,737404.0
2017,10,二轮,排量≤50ml,排量,71956.0
2017,10,二轮,50ml<排量≤100ml,排量,24049.0
2017,10,二轮,100ml<排量≤125ml,排量,370554.0
2017,10,二轮,125ml<排量≤150ml,排量,180712.0
2017,10,二轮,150ml<排量≤200ml,排量,67722.0
2017,10,二轮,200ml<排量≤250ml,排量,17344.0
2017,10,二轮,250ml<排量≤400ml,排量,2203.0
2017,10,二轮,400ml<排量≤500ml,排量,535.0
2017,10,二轮,500ml<排量≤800ml,排量,252.0
2017,10,二轮,排量>800ml,排量,1.0
2017,10,总计,总计,总量,735328.0
2016,11,二轮,排量≤50ml,排量,49557.0
2016,11,二轮,50ml<排量≤100ml,排量,22604.0
2016,11,二轮,100ml<排量≤125ml,排量,382053.0
2016,11,二轮,125ml<排量≤150ml,排量,175213.0
2016,11,二轮,150ml<排量≤200ml,排量,57759.0
2016,11,二轮,200ml<排量≤250ml,排量,16142.0
2016,11,二轮,250ml<排量≤400ml,排量,3211.0
2016,11,二轮,400ml<排量≤500ml,排量,3.0
2016,11,二轮,500ml<排量≤800ml,排量,228.0
2016,11,二轮,排量>800ml,排量,0.0
2016,11,总计,总计,总量,706770.0
2016,12,二轮,排量≤50ml,排量,60960.0
2016,12,二轮,50ml<排量≤100ml,排量,26962.0
2016,12,二轮,100ml<排量≤125ml,排量,372053.0
2016,12,二轮,125ml<排量≤150ml,排量,169549.0
2016,12,二轮,150ml<排量≤200ml,排量,49541.0
2016,12,二轮,200ml<排量≤250ml,排量,16292.0
2016,12,二轮,250ml<排量≤400ml,排量,4454.0
2016,12,二轮,400ml<排量≤500ml,排量,3.0
2016,12,二轮,500ml<排量≤800ml,排量,255.0
2016,12,二轮,排量>800ml,排量,0.0
2016,12,总计,总计,总量,700069.0
2017,2,二轮,排量≤50ml,排量,48396.0
2017,2,二轮,50ml<排量≤100ml,排量,18983.0
2017,2,二轮,100ml<排量≤125ml,排量,260445.0
2017,2,二轮,125ml<排量≤150ml,排量,86184.0
2017,2,二轮,150ml<排量≤200ml,排量,40435.0
2017,2,二轮,200ml<排量≤250ml,排量,12278.0
2017,2,二轮,250ml<排量≤400ml,排量,4078.0
2017,2,二轮,400ml<排量≤500ml,排量,8.0
2017,2,二轮,500ml<排量≤800ml,排量,66.0
2017,2,总计,总计,总量,470873.0
2017,3,二轮,排量≤50ml,排量,63792.0
2017,3,二轮,50ml<排量≤100ml,排量,15772.0
2017,3,二轮,100ml<排量≤125ml,排量,399576.0
2017,3,二轮,125ml<排量≤150ml,排量,155777.0
2017,3,二轮,150ml<排量≤200ml,排量,37430.0
2017,3,二轮,200ml<排量≤250ml,排量,12144.0
2017,3,二轮,250ml<排量≤400ml,排量,3654.0
2017,3,二轮,400ml<排量≤500ml,排量,109.0
2017,3,二轮,500ml<排量≤800ml,排量,272.0
2017,3,总计,总计,总量,688526.0
2017,4,二轮,排量≤50ml,排量,68073.0
2017,4,二轮,50ml<排量≤100ml,排量,27528.0
2017,4,二轮,100ml<排量≤125ml,排量,403731.0
2017,4,二轮,125ml<排量≤150ml,排量,188930.0
2017,4,二轮,150ml<排量≤200ml,排量,61050.0
2017,4,二轮,200ml<排量≤250ml,排量,19485.0
2017,4,二轮,250ml<排量≤400ml,排量,4668.0
2017,4,二轮,400ml<排量≤500ml,排量,464.0
2017,4,二轮,500ml<排量≤800ml,排量,208.0
2017,4,总计,总计,总量,774137.0
2017,5,二轮,排量≤50ml,排量,88654.0
2017,5,二轮,50ml<排量≤100ml,排量,29542.0
2017,5,二轮,100ml<排量≤125ml,排量,501257.0
2017,5,二轮,125ml<排量≤150ml,排量,230635.0
2017,5,二轮,150ml<排量≤200ml,排量,74013.0
2017,5,二轮,200ml<排量≤250ml,排量,20030.0
2017,5,二轮,250ml<排量≤400ml,排量,3782.0
2017,5,二轮,400ml<排量≤500ml,排量,902.0
2017,5,二轮,500ml<排量≤800ml,排量,454.0
2017,5,二轮,排量>800ml,排量,1.0
2017,5,总计,总计,总量,949270.0
2017,6,二轮,排量≤50ml,排量,83203.0
2017,6,二轮,50ml<排量≤100ml,排量,37248.0
2017,6,二轮,100ml<排量≤125ml,排量,459854.0
2017,6,二轮,125ml<排量≤150ml,排量,237340.0
2017,6,二轮,150ml<排量≤200ml,排量,63684.0
2017,6,二轮,200ml<排量≤250ml,排量,19915.0
2017,6,二轮,250ml<排量≤400ml,排量,3191.0
2017,6,二轮,400ml<排量≤500ml,排量,788.0
2017,6,二轮,500ml<排量≤800ml,排量,331.0
2017,6,二轮,排量>800ml,排量,0.0
2017,6,总计,总计,总量,905554.0
2017,7,二轮,排量≤50ml,排量,69761.0
2017,7,二轮,50ml<排量≤100ml,排量,25636.0
2017,7,二轮,100ml<排量≤125ml,排量,432391.0
2017,7,二轮,125ml<排量≤150ml,排量,227233.0
2017,7,二轮,150ml<排量≤200ml,排量,72348.0
2017,7,二轮,200ml<排量≤250ml,排量,17002.0
2017,7,二轮,250ml<排量≤400ml,排量,3858.0
2017,7,二轮,400ml<排量≤500ml,排量,1097.0
2017,7,二轮,500ml<排量≤800ml,排量,510.0
2017,7,二轮,排量>800ml,排量,0.0
2017,7,总计,总计,总量,849836.0
2017,7,二轮,排量≤50ml,排量,69761.0
2017,7,二轮,50ml<排量≤100ml,排量,25636.0
2017,7,二轮,100ml<排量≤125ml,排量,432391.0
2017,7,二轮,125ml<排量≤150ml,排量,227233.0
2017,7,二轮,150ml<排量≤200ml,排量,72348.0
2017,7,二轮,200ml<排量≤250ml,排量,17002.0
2017,7,二轮,250ml<排量≤400ml,排量,3858.0
2017,7,二轮,400ml<排量≤500ml,排量,1097.0
2017,7,二轮,500ml<排量≤800ml,排量,510.0
2017,7,二轮,排量>800ml,排量,0.0
2017,7,总计,总计,总量,849836.0
2017,11,二轮,排量≤50ml,排量,66929.0
2017,11,二轮,50ml<排量≤100ml,排量,30425.0
2017,11,二轮,100ml<排量≤125ml,排量,414195.0
2017,11,二轮,125ml<排量≤150ml,排量,201178.0
2017,11,二轮,150ml<排量≤200ml,排量,60692.0
2017,11,二轮,200ml<排量≤250ml,排量,15415.0
2017,11,二轮,250ml<排量≤400ml,排量,2892.0
2017,11,二轮,400ml<排量≤500ml,排量,1033.0
2017,11,二轮,500ml<排量≤800ml,排量,343.0
2017,11,二轮,排量>800ml,排量,42.0
2017,11,总计,总计,总量,793144.0
2017,12,二轮,排量≤50ml,排量,73503.0
2017,12,二轮,50ml<排量≤100ml,排量,29133.0
2017,12,二轮,100ml<排量≤125ml,排量,450681.0
2017,12,二轮,125ml<排量≤150ml,排量,244339.0
2017,12,二轮,150ml<排量≤200ml,排量,66427.0
2017,12,二轮,200ml<排量≤250ml,排量,21064.0
2017,12,二轮,250ml<排量≤400ml,排量,3322.0
2017,12,二轮,400ml<排量≤500ml,排量,1660.0
2017,12,二轮,500ml<排量≤800ml,排量,432.0
2017,12,二轮,排量>800ml,排量,0.0
2017,12,总计,总计,总量,890561.0
2018,2,二轮,排量≤50ml,排量,77684.0
2018,2,二轮,50ml<排量≤100ml,排量,14826.0
2018,2,二轮,100ml<排量≤125ml,排量,391808.0
2018,2,二轮,125ml<排量≤150ml,排量,171302.0
2018,2,二轮,150ml<排量≤200ml,排量,58320.0
2018,2,二轮,200ml<排量≤250ml,排量,19102.0
2018,2,二轮,250ml<排量≤400ml,排量,2303.0
2018,2,二轮,400ml<排量≤500ml,排量,2113.0
2018,2,二轮,500ml<排量≤800ml,排量,32.0
2018,2,总计,总计,总量,737490.0
2018,3,二轮,排量≤50ml,排量,50365.0
2018,3,二轮,50ml<排量≤100ml,排量,17724.0
2018,3,二轮,100ml<排量≤125ml,排量,416866.0
2018,3,二轮,125ml<排量≤150ml,排量,164111.0
2018,3,二轮,150ml<排量≤200ml,排量,56103.0
2018,3,二轮,200ml<排量≤250ml,排量,15938.0
2018,3,二轮,250ml<排量≤400ml,排量,2816.0
2018,3,二轮,400ml<排量≤500ml,排量,1827.0
2018,3,二轮,500ml<排量≤800ml,排量,268.0
2018,3,二轮,排量>800ml,排量,0.0
2018,3,总计,总计,总量,726018.0
2019,8,二轮,排量≤50ml,排量,62665.0
2019,8,二轮,50ml<排量≤100ml,排量,17375.0
2019,8,二轮,100ml<排量≤125ml,排量,348055.0
2019,8,二轮,125ml<排量≤150ml,排量,194756.0
2019,8,二轮,150ml<排量≤200ml,排量,84098.0
2019,8,二轮,200ml<排量≤250ml,排量,19488.0
2019,8,二轮,250ml<排量≤400ml,排量,4831.0
2019,8,二轮,400ml<排量≤500ml,排量,497.0
2019,8,二轮,500ml<排量≤800ml,排量,389.0
2019,8,二轮,排量>800ml,排量,2.0
2019,8,总计,总计,总量,732156.0
2019,9,二轮,排量≤50ml,排量,54745.0
2019,9,二轮,50ml<排量≤100ml,排量,20198.0
2019,9,二轮,100ml<排量≤125ml,排量,389362.0
2019,9,二轮,125ml<排量≤150ml,排量,194905.0
2019,9,二轮,150ml<排量≤200ml,排量,81493.0
2019,9,二轮,200ml<排量≤250ml,排量,31251.0
2019,9,二轮,250ml<排量≤400ml,排量,4672.0
2019,9,二轮,400ml<排量≤500ml,排量,794.0
2019,9,二轮,500ml<排量≤800ml,排量,494.0
2019,9,二轮,排量>800ml,排量,0.0
2019,9,总计,总计,总量,777914.0
2019,10,二轮,排量≤50ml,排量,64765.0
2019,10,二轮,50ml<排量≤100ml,排量,22074.0
2019,10,二轮,100ml<排量≤125ml,排量,350281.0
2019,10,二轮,125ml<排量≤150ml,排量,175116.0
2019,10,二轮,150ml<排量≤200ml,排量,62806.0
2019,10,二轮,200ml<排量≤250ml,排量,23004.0
2019,10,二轮,250ml<排量≤400ml,排量,3731.0
2019,10,二轮,400ml<排量≤500ml,排量,449.0
2019,10,二轮,500ml<排量≤800ml,排量,156.0
2019,10,二轮,排量>800ml,排量,0.0
2019,10,总计,总计,总量,702382.0
2019,5,二轮,排量≤50ml,排量,96643.0
2019,5,二轮,50ml<排量≤100ml,排量,18657.0
2019,5,二轮,100ml<排量≤125ml,排量,419996.0
2019,5,二轮,125ml<排量≤150ml,排量,224966.0
2019,5,二轮,150ml<排量≤200ml,排量,74633.0
2019,5,二轮,200ml<排量≤250ml,排量,20864.0
2019,5,二轮,250ml<排量≤400ml,排量,4801.0
2019,5,二轮,400ml<排量≤500ml,排量,750.0
2019,5,二轮,500ml<排量≤800ml,排量,166.0
2019,5,二轮,排量>800ml,排量,1.0
2019,5,总计,总计,总量,861477.0
2019,6,二轮,排量≤50ml,排量,86121.0
2019,6,二轮,50ml<排量≤100ml,排量,14926.0
2019,6,二轮,100ml<排量≤125ml,排量,351608.0
2019,6,二轮,125ml<排量≤150ml,排量,184086.0
2019,6,二轮,150ml<排量≤200ml,排量,68990.0
2019,6,二轮,200ml<排量≤250ml,排量,20900.0
2019,6,二轮,250ml<排量≤400ml,排量,5940.0
2019,6,二轮,400ml<排量≤500ml,排量,1093.0
2019,6,二轮,500ml<排量≤800ml,排量,255.0
2019,6,二轮,排量>800ml,排量,0.0
2019,6,总计,总计,总量,733919.0
2019,7,二轮,排量≤50ml,排量,95840.0
2019,7,二轮,50ml<排量≤100ml,排量,29859.0
2019,7,二轮,100ml<排量≤125ml,排量,400503.0
2019,7,二轮,125ml<排量≤150ml,排量,209921.0
2019,7,二轮,150ml<排量≤200ml,排量,82516.0
2019,7,二轮,200ml<排量≤250ml,排量,22237.0
2019,7,二轮,250ml<排量≤400ml,排量,5432.0
2019,7,二轮,400ml<排量≤500ml,排量,1937.0
2019,7,二轮,500ml<排量≤800ml,排量,646.0
2019,7,二轮,排量>800ml,排量,0.0
2019,7,总计,总计,总量,848891.0
2019,11,二轮,排量≤50ml,排量,74168.0
2019,11,二轮,50ml<排量≤100ml,排量,13414.0
2019,11,二轮,100ml<排量≤125ml,排量,425984.0
2019,11,二轮,125ml<排量≤150ml,排量,219248.0
2019,11,二轮,150ml<排量≤200ml,排量,78760.0
2019,11,二轮,200ml<排量≤250ml,排量,20230.0
2019,11,二轮,250ml<排量≤400ml,排量,4793.0
2019,11,二轮,400ml<排量≤500ml,排量,529.0
2019,11,二轮,500ml<排量≤800ml,排量,227.0
2019,11,二轮,排量>800ml,排量,0.0
2019,11,总计,总计,总量,837353.0
